ISO-10303-21;
HEADER;
FILE_DESCRIPTION(('STEP AP214'),'1');
FILE_NAME('dimd4matcmt2.stp','2025-03-04T18:10:46',(' '),(' '),'Spatial InterOp 3D',' ',' ');
FILE_SCHEMA(('automotive_design'));
ENDSEC;
DATA;
#1=MECHANICAL_DESIGN_GEOMETRIC_PRESENTATION_REPRESENTATION(' ',(#1036,#1066,#1096,#1126,#1156,#1186,#1216,#1246,#1276,#1306,#1336,#1366,#1396,#1426,#1456,#1486,#1516,#1546,#1576,#1606,#1636,#1666,#1696,#1726,#1756,#1786,#1816,#1846,#1876,#1906,#1936,#1966,#1996,#2026,#2056,#2086,#2116,#2146,#2176,#2206,#2236,#2266,#2296,#2326,#2356,#2386,#2416,#2446,#2476,#2506,#2536,#2566,#2596,#2626,#2656,#2686,#2716,#2746,#2776,#2806,#2836,#2866,#2896,#2926,#2956,#2986,#3016,#3046,#3076,#3106,#3136,#3166,#3196,#3226,#3256,#3286,#3316,#3346,#3376,#3406,#3436,#3466,#3496,#3526,#3556,#3586,#3616,#3646,#3676,#3706,#3736,#3766,#3796,#3826,#3856,#3886,#3916,#3946,#3976,#4006,#4036,#4066,#4096,#4126,#4156,#4186,#4216,#4246,#4276,#4306,#4336,#4366,#4396,#4426,#4456,#4486,#4516,#4546,#4576,#4606,#4636,#4666,#4696,#4726,#4756,#4786,#4816,#4846,#4876,#4906,#4936,#4966,#4996,#5026,#5056,#5086,#5116,#5146,#5176,#5206,#5236,#5266,#5296,#5326,#5356,#5386,#5416,#5446,#5476,#5506,#5536,#5566,#5596,#5626,#5656,#5686),#6);
#2=PRODUCT_DEFINITION_CONTEXT('',#7,'design');
#3=APPLICATION_PROTOCOL_DEFINITION('INTERNATIONAL STANDARD','automotive_design',1994,#7);
#4=PRODUCT_CATEGORY_RELATIONSHIP('NONE','NONE',#8,#9);
#5=SHAPE_DEFINITION_REPRESENTATION(#10,#11);
#6= (GEOMETRIC_REPRESENTATION_CONTEXT(3)GLOBAL_UNCERTAINTY_ASSIGNED_CONTEXT((#12))GLOBAL_UNIT_ASSIGNED_CONTEXT((#13,#14,#15))REPRESENTATION_CONTEXT('NONE','WORKSPACE'));
#7=APPLICATION_CONTEXT(' ');
#8=PRODUCT_CATEGORY('part','NONE');
#9=PRODUCT_RELATED_PRODUCT_CATEGORY('detail',' ',(#17));
#10=PRODUCT_DEFINITION_SHAPE('NONE','NONE',#18);
#11=MANIFOLD_SURFACE_SHAPE_REPRESENTATION('Root',(#16,#19),#6);
#12=UNCERTAINTY_MEASURE_WITH_UNIT(LENGTH_MEASURE(1.0E-006),#13,'','');
#13=(CONVERSION_BASED_UNIT('METRE',#20)LENGTH_UNIT()NAMED_UNIT(#21));
#14=(NAMED_UNIT(#22)PLANE_ANGLE_UNIT()SI_UNIT($,.RADIAN.));
#15=(NAMED_UNIT(#22)SOLID_ANGLE_UNIT()SI_UNIT($,.STERADIAN.));
#16=SHELL_BASED_SURFACE_MODEL('Root',(#29));
#17=PRODUCT('Root','Root','Root',(#23));
#18=PRODUCT_DEFINITION('NONE','NONE',#24,#2);
#19=AXIS2_PLACEMENT_3D('',#25,#26,#27);
#20=LENGTH_MEASURE_WITH_UNIT(LENGTH_MEASURE(1.0),#28);
#21=DIMENSIONAL_EXPONENTS(1.0,0.0,0.0,0.0,0.0,0.0,0.0);
#22=DIMENSIONAL_EXPONENTS(0.0,0.0,0.0,0.0,0.0,0.0,0.0);
#23=PRODUCT_CONTEXT('',#7,'mechanical');
#24=PRODUCT_DEFINITION_FORMATION_WITH_SPECIFIED_SOURCE(' ','NONE',#17,.NOT_KNOWN.);
#25=CARTESIAN_POINT('',(0.0,0.0,0.0));
#26=DIRECTION('',(0.0,0.0,1.0));
#27=DIRECTION('',(1.0,0.0,0.0));
#28= (NAMED_UNIT(#21)LENGTH_UNIT()SI_UNIT(.MILLI.,.METRE.));
#29=CLOSED_SHELL('',(#1044,#1074,#1104,#1134,#1164,#1194,#1224,#1254,#1284,#1314,#1344,#1374,#1404,#1434,#1464,#1494,#1524,#1554,#1584,#1614,#1644,#1674,#1704,#1734,#1764,#1794,#1824,#1854,#1884,#1914,#1944,#1974,#2004,#2034,#2064,#2094,#2124,#2154,#2184,#2214,#2244,#2274,#2304,#2334,#2364,#2394,#2424,#2454,#2484,#2514,#2544,#2574,#2604,#2634,#2664,#2694,#2724,#2754,#2784,#2814,#2844,#2874,#2904,#2934,#2964,#2994,#3024,#3054,#3084,#3114,#3144,#3174,#3204,#3234,#3264,#3294,#3324,#3354,#3384,#3414,#3444,#3474,#3504,#3534,#3564,#3594,#3624,#3654,#3684,#3714,#3744,#3774,#3804,#3834,#3864,#3894,#3924,#3954,#3984,#4014,#4044,#4074,#4104,#4134,#4164,#4194,#4224,#4254,#4284,#4314,#4344,#4374,#4404,#4434,#4464,#4494,#4524,#4554,#4584,#4614,#4644,#4674,#4704,#4734,#4764,#4794,#4824,#4854,#4884,#4914,#4944,#4974,#5004,#5034,#5064,#5094,#5124,#5154,#5184,#5214,#5244,#5274,#5304,#5334,#5364,#5394,#5424,#5454,#5484,#5514,#5544,#5574,#5604,#5634,#5664,#5694));
#100=CARTESIAN_POINT('',(78.1039962768554688,20.9409999847412109,0.0000000000000000));
#101=VERTEX_POINT('',#100);
#102=CARTESIAN_POINT('',(78.1039962768554688,20.9409999847412109,0.5000000000000000));
#103=VERTEX_POINT('',#102);
#104=CARTESIAN_POINT('',(78.6009979248046875,21.9179992675781250,0.5000000000000000));
#105=VERTEX_POINT('',#104);
#106=CARTESIAN_POINT('',(78.1039962768554688,20.9409999847412109,0.0000000000000000));
#107=VERTEX_POINT('',#106);
#108=CARTESIAN_POINT('',(78.6009979248046875,21.9179992675781250,0.5000000000000000));
#109=VERTEX_POINT('',#108);
#110=CARTESIAN_POINT('',(78.6009979248046875,21.9179992675781250,0.0000000000000000));
#111=VERTEX_POINT('',#110);
#112=CARTESIAN_POINT('',(77.3290023803710938,20.1660003662109375,0.0000000000000000));
#113=VERTEX_POINT('',#112);
#114=CARTESIAN_POINT('',(77.3290023803710938,20.1660003662109375,0.5000000000000000));
#115=VERTEX_POINT('',#114);
#116=CARTESIAN_POINT('',(78.1039962768554688,20.9409999847412109,0.5000000000000000));
#117=VERTEX_POINT('',#116);
#118=CARTESIAN_POINT('',(77.3290023803710938,20.1660003662109375,0.0000000000000000));
#119=VERTEX_POINT('',#118);
#120=CARTESIAN_POINT('',(78.1039962768554688,20.9409999847412109,0.5000000000000000));
#121=VERTEX_POINT('',#120);
#122=CARTESIAN_POINT('',(78.1039962768554688,20.9409999847412109,0.0000000000000000));
#123=VERTEX_POINT('',#122);
#124=CARTESIAN_POINT('',(76.3519973754882812,19.6690006256103516,0.0000000000000000));
#125=VERTEX_POINT('',#124);
#126=CARTESIAN_POINT('',(76.3519973754882812,19.6690006256103516,0.5000000000000000));
#127=VERTEX_POINT('',#126);
#128=CARTESIAN_POINT('',(77.3290023803710938,20.1660003662109375,0.5000000000000000));
#129=VERTEX_POINT('',#128);
#130=CARTESIAN_POINT('',(76.3519973754882812,19.6690006256103516,0.0000000000000000));
#131=VERTEX_POINT('',#130);
#132=CARTESIAN_POINT('',(77.3290023803710938,20.1660003662109375,0.5000000000000000));
#133=VERTEX_POINT('',#132);
#134=CARTESIAN_POINT('',(77.3290023803710938,20.1660003662109375,0.0000000000000000));
#135=VERTEX_POINT('',#134);
#136=CARTESIAN_POINT('',(76.3519973754882812,19.6690006256103516,0.5000000000000000));
#137=VERTEX_POINT('',#136);
#138=CARTESIAN_POINT('',(76.3519973754882812,19.6690006256103516,0.0000000000000000));
#139=VERTEX_POINT('',#138);
#140=CARTESIAN_POINT('',(75.2699966430664062,19.4979991912841797,0.0000000000000000));
#141=VERTEX_POINT('',#140);
#142=CARTESIAN_POINT('',(76.3519973754882812,19.6690006256103516,0.5000000000000000));
#143=VERTEX_POINT('',#142);
#144=CARTESIAN_POINT('',(75.2699966430664062,19.4979991912841797,0.0000000000000000));
#145=VERTEX_POINT('',#144);
#146=CARTESIAN_POINT('',(75.2699966430664062,19.4979991912841797,0.5000000000000000));
#147=VERTEX_POINT('',#146);
#148=CARTESIAN_POINT('',(73.2109985351562500,25.8339996337890625,0.0000000000000000));
#149=VERTEX_POINT('',#148);
#150=CARTESIAN_POINT('',(73.2109985351562500,25.8339996337890625,0.5000000000000000));
#151=VERTEX_POINT('',#150);
#152=CARTESIAN_POINT('',(72.4359970092773438,25.0590000152587891,0.5000000000000000));
#153=VERTEX_POINT('',#152);
#154=CARTESIAN_POINT('',(73.2109985351562500,25.8339996337890625,0.0000000000000000));
#155=VERTEX_POINT('',#154);
#156=CARTESIAN_POINT('',(72.4359970092773438,25.0590000152587891,0.5000000000000000));
#157=VERTEX_POINT('',#156);
#158=CARTESIAN_POINT('',(72.4359970092773438,25.0590000152587891,0.0000000000000000));
#159=VERTEX_POINT('',#158);
#160=CARTESIAN_POINT('',(74.1880035400390625,26.3309993743896484,0.0000000000000000));
#161=VERTEX_POINT('',#160);
#162=CARTESIAN_POINT('',(74.1880035400390625,26.3309993743896484,0.5000000000000000));
#163=VERTEX_POINT('',#162);
#164=CARTESIAN_POINT('',(73.2109985351562500,25.8339996337890625,0.5000000000000000));
#165=VERTEX_POINT('',#164);
#166=CARTESIAN_POINT('',(74.1880035400390625,26.3309993743896484,0.0000000000000000));
#167=VERTEX_POINT('',#166);
#168=CARTESIAN_POINT('',(73.2109985351562500,25.8339996337890625,0.5000000000000000));
#169=VERTEX_POINT('',#168);
#170=CARTESIAN_POINT('',(73.2109985351562500,25.8339996337890625,0.0000000000000000));
#171=VERTEX_POINT('',#170);
#172=CARTESIAN_POINT('',(75.2699966430664062,26.5030002593994141,0.0000000000000000));
#173=VERTEX_POINT('',#172);
#174=CARTESIAN_POINT('',(75.2699966430664062,26.5030002593994141,0.5000000000000000));
#175=VERTEX_POINT('',#174);
#176=CARTESIAN_POINT('',(74.1880035400390625,26.3309993743896484,0.5000000000000000));
#177=VERTEX_POINT('',#176);
#178=CARTESIAN_POINT('',(75.2699966430664062,26.5030002593994141,0.0000000000000000));
#179=VERTEX_POINT('',#178);
#180=CARTESIAN_POINT('',(74.1880035400390625,26.3309993743896484,0.5000000000000000));
#181=VERTEX_POINT('',#180);
#182=CARTESIAN_POINT('',(74.1880035400390625,26.3309993743896484,0.0000000000000000));
#183=VERTEX_POINT('',#182);
#184=CARTESIAN_POINT('',(76.3519973754882812,26.3309993743896484,0.0000000000000000));
#185=VERTEX_POINT('',#184);
#186=CARTESIAN_POINT('',(76.3519973754882812,26.3309993743896484,0.5000000000000000));
#187=VERTEX_POINT('',#186);
#188=CARTESIAN_POINT('',(75.2699966430664062,26.5030002593994141,0.5000000000000000));
#189=VERTEX_POINT('',#188);
#190=CARTESIAN_POINT('',(76.3519973754882812,26.3309993743896484,0.0000000000000000));
#191=VERTEX_POINT('',#190);
#192=CARTESIAN_POINT('',(75.2699966430664062,26.5030002593994141,0.5000000000000000));
#193=VERTEX_POINT('',#192);
#194=CARTESIAN_POINT('',(75.2699966430664062,26.5030002593994141,0.0000000000000000));
#195=VERTEX_POINT('',#194);
#196=CARTESIAN_POINT('',(77.3290023803710938,25.8339996337890625,0.0000000000000000));
#197=VERTEX_POINT('',#196);
#198=CARTESIAN_POINT('',(77.3290023803710938,25.8339996337890625,0.5000000000000000));
#199=VERTEX_POINT('',#198);
#200=CARTESIAN_POINT('',(76.3519973754882812,26.3309993743896484,0.5000000000000000));
#201=VERTEX_POINT('',#200);
#202=CARTESIAN_POINT('',(77.3290023803710938,25.8339996337890625,0.0000000000000000));
#203=VERTEX_POINT('',#202);
#204=CARTESIAN_POINT('',(76.3519973754882812,26.3309993743896484,0.5000000000000000));
#205=VERTEX_POINT('',#204);
#206=CARTESIAN_POINT('',(76.3519973754882812,26.3309993743896484,0.0000000000000000));
#207=VERTEX_POINT('',#206);
#208=CARTESIAN_POINT('',(78.1039962768554688,25.0590000152587891,0.0000000000000000));
#209=VERTEX_POINT('',#208);
#210=CARTESIAN_POINT('',(78.1039962768554688,25.0590000152587891,0.5000000000000000));
#211=VERTEX_POINT('',#210);
#212=CARTESIAN_POINT('',(77.3290023803710938,25.8339996337890625,0.5000000000000000));
#213=VERTEX_POINT('',#212);
#214=CARTESIAN_POINT('',(78.1039962768554688,25.0590000152587891,0.0000000000000000));
#215=VERTEX_POINT('',#214);
#216=CARTESIAN_POINT('',(77.3290023803710938,25.8339996337890625,0.5000000000000000));
#217=VERTEX_POINT('',#216);
#218=CARTESIAN_POINT('',(77.3290023803710938,25.8339996337890625,0.0000000000000000));
#219=VERTEX_POINT('',#218);
#220=CARTESIAN_POINT('',(-67.7279968261718750,-26.5580005645751953,0.5000000000000000));
#221=VERTEX_POINT('',#220);
#222=CARTESIAN_POINT('',(-67.7279968261718750,-26.5580005645751953,0.0000000000000000));
#223=VERTEX_POINT('',#222);
#224=CARTESIAN_POINT('',(-67.7279968261718750,-52.0000000000000000,0.0000000000000000));
#225=VERTEX_POINT('',#224);
#226=CARTESIAN_POINT('',(-67.7279968261718750,-26.5580005645751953,0.5000000000000000));
#227=VERTEX_POINT('',#226);
#228=CARTESIAN_POINT('',(-67.7279968261718750,-52.0000000000000000,0.0000000000000000));
#229=VERTEX_POINT('',#228);
#230=CARTESIAN_POINT('',(-67.7279968261718750,-52.0000000000000000,0.5000000000000000));
#231=VERTEX_POINT('',#230);
#232=CARTESIAN_POINT('',(-67.7279968261718750,-26.5580005645751953,0.0000000000000000));
#233=VERTEX_POINT('',#232);
#234=CARTESIAN_POINT('',(-67.7279968261718750,-26.5580005645751953,0.5000000000000000));
#235=VERTEX_POINT('',#234);
#236=CARTESIAN_POINT('',(-100.0000000000000000,-26.5580005645751953,0.5000000000000000));
#237=VERTEX_POINT('',#236);
#238=CARTESIAN_POINT('',(-67.7279968261718750,-26.5580005645751953,0.0000000000000000));
#239=VERTEX_POINT('',#238);
#240=CARTESIAN_POINT('',(-100.0000000000000000,-26.5580005645751953,0.5000000000000000));
#241=VERTEX_POINT('',#240);
#242=CARTESIAN_POINT('',(-100.0000000000000000,-26.5580005645751953,0.0000000000000000));
#243=VERTEX_POINT('',#242);
#244=CARTESIAN_POINT('',(43.5000000000000000,35.7200012207031250,0.5000000000000000));
#245=VERTEX_POINT('',#244);
#246=CARTESIAN_POINT('',(150.0000000000000000,98.0000000000000000,0.5000000000000000));
#247=VERTEX_POINT('',#246);
#248=CARTESIAN_POINT('',(43.0000000000000000,35.7200012207031250,0.5000000000000000));
#249=VERTEX_POINT('',#248);
#250=CARTESIAN_POINT('',(-67.7279968261718750,-26.5580005645751953,0.5000000000000000));
#251=VERTEX_POINT('',#250);
#252=CARTESIAN_POINT('',(-67.7279968261718750,-52.0000000000000000,0.5000000000000000));
#253=VERTEX_POINT('',#252);
#254=CARTESIAN_POINT('',(43.0000000000000000,10.2799997329711914,0.5000000000000000));
#255=VERTEX_POINT('',#254);
#256=CARTESIAN_POINT('',(43.0000000000000000,10.2799997329711914,0.5000000000000000));
#257=VERTEX_POINT('',#256);
#258=CARTESIAN_POINT('',(43.0000000000000000,35.7200012207031250,0.5000000000000000));
#259=VERTEX_POINT('',#258);
#260=CARTESIAN_POINT('',(-67.7279968261718750,-26.5580005645751953,0.5000000000000000));
#261=VERTEX_POINT('',#260);
#262=CARTESIAN_POINT('',(-100.0000000000000000,-26.5580005645751953,0.5000000000000000));
#263=VERTEX_POINT('',#262);
#264=CARTESIAN_POINT('',(-67.7279968261718750,-26.5580005645751953,0.5000000000000000));
#265=VERTEX_POINT('',#264);
#266=CARTESIAN_POINT('',(-100.0000000000000000,98.0000000000000000,0.5000000000000000));
#267=VERTEX_POINT('',#266);
#268=CARTESIAN_POINT('',(43.0000000000000000,35.7200012207031250,0.5000000000000000));
#269=VERTEX_POINT('',#268);
#270=CARTESIAN_POINT('',(-100.0000000000000000,98.0000000000000000,0.5000000000000000));
#271=VERTEX_POINT('',#270);
#272=CARTESIAN_POINT('',(-67.7279968261718750,-26.5580005645751953,0.5000000000000000));
#273=VERTEX_POINT('',#272);
#274=CARTESIAN_POINT('',(-67.7279968261718750,-52.0000000000000000,0.0000000000000000));
#275=VERTEX_POINT('',#274);
#276=CARTESIAN_POINT('',(73.2109985351562500,20.1660003662109375,0.0000000000000000));
#277=VERTEX_POINT('',#276);
#278=CARTESIAN_POINT('',(74.1880035400390625,19.6690006256103516,0.0000000000000000));
#279=VERTEX_POINT('',#278);
#280=CARTESIAN_POINT('',(-67.7279968261718750,-52.0000000000000000,0.0000000000000000));
#281=VERTEX_POINT('',#280);
#282=CARTESIAN_POINT('',(-67.7279968261718750,-26.5580005645751953,0.0000000000000000));
#283=VERTEX_POINT('',#282);
#284=CARTESIAN_POINT('',(72.4359970092773438,20.9409999847412109,0.0000000000000000));
#285=VERTEX_POINT('',#284);
#286=CARTESIAN_POINT('',(72.4359970092773438,20.9409999847412109,0.0000000000000000));
#287=VERTEX_POINT('',#286);
#288=CARTESIAN_POINT('',(73.2109985351562500,20.1660003662109375,0.0000000000000000));
#289=VERTEX_POINT('',#288);
#290=CARTESIAN_POINT('',(-67.7279968261718750,-52.0000000000000000,0.0000000000000000));
#291=VERTEX_POINT('',#290);
#292=CARTESIAN_POINT('',(-67.7279968261718750,-26.5580005645751953,0.0000000000000000));
#293=VERTEX_POINT('',#292);
#294=CARTESIAN_POINT('',(-100.0000000000000000,98.0000000000000000,0.0000000000000000));
#295=VERTEX_POINT('',#294);
#296=CARTESIAN_POINT('',(71.7679977416992188,23.0000000000000000,0.0000000000000000));
#297=VERTEX_POINT('',#296);
#298=CARTESIAN_POINT('',(78.1039962768554688,25.0590000152587891,0.0000000000000000));
#299=VERTEX_POINT('',#298);
#300=CARTESIAN_POINT('',(150.0000000000000000,98.0000000000000000,0.0000000000000000));
#301=VERTEX_POINT('',#300);
#302=CARTESIAN_POINT('',(78.6009979248046875,24.0820007324218750,0.0000000000000000));
#303=VERTEX_POINT('',#302);
#304=CARTESIAN_POINT('',(72.4359970092773438,25.0590000152587891,0.5000000000000000));
#305=VERTEX_POINT('',#304);
#306=CARTESIAN_POINT('',(43.5000000000000000,35.7200012207031250,0.5000000000000000));
#307=VERTEX_POINT('',#306);
#308=CARTESIAN_POINT('',(71.9390029907226562,24.0820007324218750,0.5000000000000000));
#309=VERTEX_POINT('',#308);
#310=CARTESIAN_POINT('',(73.2109985351562500,25.8339996337890625,0.5000000000000000));
#311=VERTEX_POINT('',#310);
#312=CARTESIAN_POINT('',(43.5000000000000000,35.7200012207031250,0.5000000000000000));
#313=VERTEX_POINT('',#312);
#314=CARTESIAN_POINT('',(72.4359970092773438,25.0590000152587891,0.5000000000000000));
#315=VERTEX_POINT('',#314);
#316=CARTESIAN_POINT('',(73.2109985351562500,25.8339996337890625,0.5000000000000000));
#317=VERTEX_POINT('',#316);
#318=CARTESIAN_POINT('',(74.1880035400390625,26.3309993743896484,0.5000000000000000));
#319=VERTEX_POINT('',#318);
#320=CARTESIAN_POINT('',(43.5000000000000000,35.7200012207031250,0.5000000000000000));
#321=VERTEX_POINT('',#320);
#322=CARTESIAN_POINT('',(78.1039962768554688,25.0590000152587891,0.5000000000000000));
#323=VERTEX_POINT('',#322);
#324=CARTESIAN_POINT('',(150.0000000000000000,98.0000000000000000,0.5000000000000000));
#325=VERTEX_POINT('',#324);
#326=CARTESIAN_POINT('',(77.3290023803710938,25.8339996337890625,0.5000000000000000));
#327=VERTEX_POINT('',#326);
#328=CARTESIAN_POINT('',(-100.0000000000000000,98.0000000000000000,0.5000000000000000));
#329=VERTEX_POINT('',#328);
#330=CARTESIAN_POINT('',(43.0000000000000000,35.7200012207031250,0.5000000000000000));
#331=VERTEX_POINT('',#330);
#332=CARTESIAN_POINT('',(150.0000000000000000,98.0000000000000000,0.5000000000000000));
#333=VERTEX_POINT('',#332);
#334=CARTESIAN_POINT('',(75.2699966430664062,26.5030002593994141,0.5000000000000000));
#335=VERTEX_POINT('',#334);
#336=CARTESIAN_POINT('',(150.0000000000000000,98.0000000000000000,0.5000000000000000));
#337=VERTEX_POINT('',#336);
#338=CARTESIAN_POINT('',(74.1880035400390625,26.3309993743896484,0.5000000000000000));
#339=VERTEX_POINT('',#338);
#340=CARTESIAN_POINT('',(43.5000000000000000,35.7200012207031250,0.5000000000000000));
#341=VERTEX_POINT('',#340);
#342=CARTESIAN_POINT('',(74.1880035400390625,26.3309993743896484,0.5000000000000000));
#343=VERTEX_POINT('',#342);
#344=CARTESIAN_POINT('',(150.0000000000000000,98.0000000000000000,0.5000000000000000));
#345=VERTEX_POINT('',#344);
#346=CARTESIAN_POINT('',(75.2699966430664062,26.5030002593994141,0.5000000000000000));
#347=VERTEX_POINT('',#346);
#348=CARTESIAN_POINT('',(76.3519973754882812,26.3309993743896484,0.5000000000000000));
#349=VERTEX_POINT('',#348);
#350=CARTESIAN_POINT('',(150.0000000000000000,98.0000000000000000,0.5000000000000000));
#351=VERTEX_POINT('',#350);
#352=CARTESIAN_POINT('',(76.3519973754882812,26.3309993743896484,0.5000000000000000));
#353=VERTEX_POINT('',#352);
#354=CARTESIAN_POINT('',(77.3290023803710938,25.8339996337890625,0.5000000000000000));
#355=VERTEX_POINT('',#354);
#356=CARTESIAN_POINT('',(150.0000000000000000,98.0000000000000000,0.5000000000000000));
#357=VERTEX_POINT('',#356);
#358=CARTESIAN_POINT('',(78.6009979248046875,21.9179992675781250,0.5000000000000000));
#359=VERTEX_POINT('',#358);
#360=CARTESIAN_POINT('',(150.0000000000000000,-52.0000000000000000,0.5000000000000000));
#361=VERTEX_POINT('',#360);
#362=CARTESIAN_POINT('',(78.7730026245117188,23.0000000000000000,0.5000000000000000));
#363=VERTEX_POINT('',#362);
#364=CARTESIAN_POINT('',(71.9390029907226562,21.9179992675781250,0.5000000000000000));
#365=VERTEX_POINT('',#364);
#366=CARTESIAN_POINT('',(71.7679977416992188,23.0000000000000000,0.5000000000000000));
#367=VERTEX_POINT('',#366);
#368=CARTESIAN_POINT('',(43.5000000000000000,10.2799997329711914,0.5000000000000000));
#369=VERTEX_POINT('',#368);
#370=CARTESIAN_POINT('',(75.2699966430664062,19.4979991912841797,0.5000000000000000));
#371=VERTEX_POINT('',#370);
#372=CARTESIAN_POINT('',(74.1880035400390625,19.6690006256103516,0.5000000000000000));
#373=VERTEX_POINT('',#372);
#374=CARTESIAN_POINT('',(150.0000000000000000,-52.0000000000000000,0.5000000000000000));
#375=VERTEX_POINT('',#374);
#376=CARTESIAN_POINT('',(43.5000000000000000,10.2799997329711914,0.5000000000000000));
#377=VERTEX_POINT('',#376);
#378=CARTESIAN_POINT('',(43.0000000000000000,10.2799997329711914,0.5000000000000000));
#379=VERTEX_POINT('',#378);
#380=CARTESIAN_POINT('',(150.0000000000000000,-52.0000000000000000,0.5000000000000000));
#381=VERTEX_POINT('',#380);
#382=CARTESIAN_POINT('',(-67.7279968261718750,-52.0000000000000000,0.5000000000000000));
#383=VERTEX_POINT('',#382);
#384=CARTESIAN_POINT('',(150.0000000000000000,-52.0000000000000000,0.5000000000000000));
#385=VERTEX_POINT('',#384);
#386=CARTESIAN_POINT('',(43.0000000000000000,10.2799997329711914,0.5000000000000000));
#387=VERTEX_POINT('',#386);
#388=CARTESIAN_POINT('',(150.0000000000000000,98.0000000000000000,0.0000000000000000));
#389=VERTEX_POINT('',#388);
#390=CARTESIAN_POINT('',(150.0000000000000000,98.0000000000000000,0.5000000000000000));
#391=VERTEX_POINT('',#390);
#392=CARTESIAN_POINT('',(150.0000000000000000,-52.0000000000000000,0.0000000000000000));
#393=VERTEX_POINT('',#392);
#394=CARTESIAN_POINT('',(150.0000000000000000,-52.0000000000000000,0.5000000000000000));
#395=VERTEX_POINT('',#394);
#396=CARTESIAN_POINT('',(150.0000000000000000,-52.0000000000000000,0.0000000000000000));
#397=VERTEX_POINT('',#396);
#398=CARTESIAN_POINT('',(150.0000000000000000,98.0000000000000000,0.5000000000000000));
#399=VERTEX_POINT('',#398);
#400=CARTESIAN_POINT('',(-100.0000000000000000,98.0000000000000000,0.5000000000000000));
#401=VERTEX_POINT('',#400);
#402=CARTESIAN_POINT('',(-100.0000000000000000,98.0000000000000000,0.0000000000000000));
#403=VERTEX_POINT('',#402);
#404=CARTESIAN_POINT('',(-100.0000000000000000,-26.5580005645751953,0.0000000000000000));
#405=VERTEX_POINT('',#404);
#406=CARTESIAN_POINT('',(-100.0000000000000000,-26.5580005645751953,0.5000000000000000));
#407=VERTEX_POINT('',#406);
#408=CARTESIAN_POINT('',(-100.0000000000000000,98.0000000000000000,0.5000000000000000));
#409=VERTEX_POINT('',#408);
#410=CARTESIAN_POINT('',(-100.0000000000000000,-26.5580005645751953,0.0000000000000000));
#411=VERTEX_POINT('',#410);
#412=CARTESIAN_POINT('',(43.0000000000000000,35.7200012207031250,9.9350004196166992));
#413=VERTEX_POINT('',#412);
#414=CARTESIAN_POINT('',(43.0000000000000000,35.7200012207031250,9.9849996566772461));
#415=VERTEX_POINT('',#414);
#416=CARTESIAN_POINT('',(43.5000000000000000,35.7200012207031250,9.9350004196166992));
#417=VERTEX_POINT('',#416);
#418=CARTESIAN_POINT('',(75.2699966430664062,35.7200012207031250,9.9849996566772461));
#419=VERTEX_POINT('',#418);
#420=CARTESIAN_POINT('',(43.5000000000000000,35.7200012207031250,9.9350004196166992));
#421=VERTEX_POINT('',#420);
#422=CARTESIAN_POINT('',(43.0000000000000000,35.7200012207031250,9.9849996566772461));
#423=VERTEX_POINT('',#422);
#424=CARTESIAN_POINT('',(43.5000000000000000,35.7200012207031250,9.4849996566772461));
#425=VERTEX_POINT('',#424);
#426=CARTESIAN_POINT('',(43.5000000000000000,35.7200012207031250,9.9350004196166992));
#427=VERTEX_POINT('',#426);
#428=CARTESIAN_POINT('',(75.2699966430664062,35.7200012207031250,9.4849996566772461));
#429=VERTEX_POINT('',#428);
#430=CARTESIAN_POINT('',(75.2699966430664062,35.7200012207031250,9.9849996566772461));
#431=VERTEX_POINT('',#430);
#432=CARTESIAN_POINT('',(75.2699966430664062,35.7200012207031250,9.4849996566772461));
#433=VERTEX_POINT('',#432);
#434=CARTESIAN_POINT('',(43.5000000000000000,35.7200012207031250,9.9350004196166992));
#435=VERTEX_POINT('',#434);
#436=CARTESIAN_POINT('',(43.5000000000000000,35.7200012207031250,0.5000000000000000));
#437=VERTEX_POINT('',#436);
#438=CARTESIAN_POINT('',(43.0000000000000000,35.7200012207031250,0.5000000000000000));
#439=VERTEX_POINT('',#438);
#440=CARTESIAN_POINT('',(43.5000000000000000,35.7200012207031250,9.4849996566772461));
#441=VERTEX_POINT('',#440);
#442=CARTESIAN_POINT('',(43.0000000000000000,35.7200012207031250,0.5000000000000000));
#443=VERTEX_POINT('',#442);
#444=CARTESIAN_POINT('',(43.0000000000000000,35.7200012207031250,9.9350004196166992));
#445=VERTEX_POINT('',#444);
#446=CARTESIAN_POINT('',(43.5000000000000000,35.7200012207031250,9.4849996566772461));
#447=VERTEX_POINT('',#446);
#448=CARTESIAN_POINT('',(43.5000000000000000,35.7200012207031250,9.9350004196166992));
#449=VERTEX_POINT('',#448);
#450=CARTESIAN_POINT('',(43.5000000000000000,35.7200012207031250,9.4849996566772461));
#451=VERTEX_POINT('',#450);
#452=CARTESIAN_POINT('',(43.0000000000000000,35.7200012207031250,9.9350004196166992));
#453=VERTEX_POINT('',#452);
#454=CARTESIAN_POINT('',(43.0000000000000000,10.2799997329711914,9.9350004196166992));
#455=VERTEX_POINT('',#454);
#456=CARTESIAN_POINT('',(43.5000000000000000,10.2799997329711914,9.9350004196166992));
#457=VERTEX_POINT('',#456);
#458=CARTESIAN_POINT('',(43.0000000000000000,10.2799997329711914,9.9849996566772461));
#459=VERTEX_POINT('',#458);
#460=CARTESIAN_POINT('',(75.2699966430664062,10.2799997329711914,9.9849996566772461));
#461=VERTEX_POINT('',#460);
#462=CARTESIAN_POINT('',(43.0000000000000000,10.2799997329711914,9.9849996566772461));
#463=VERTEX_POINT('',#462);
#464=CARTESIAN_POINT('',(43.5000000000000000,10.2799997329711914,9.9350004196166992));
#465=VERTEX_POINT('',#464);
#466=CARTESIAN_POINT('',(75.2699966430664062,10.2799997329711914,9.4849996566772461));
#467=VERTEX_POINT('',#466);
#468=CARTESIAN_POINT('',(75.2699966430664062,10.2799997329711914,9.9849996566772461));
#469=VERTEX_POINT('',#468);
#470=CARTESIAN_POINT('',(43.5000000000000000,10.2799997329711914,9.9350004196166992));
#471=VERTEX_POINT('',#470);
#472=CARTESIAN_POINT('',(75.2699966430664062,10.2799997329711914,9.4849996566772461));
#473=VERTEX_POINT('',#472);
#474=CARTESIAN_POINT('',(43.5000000000000000,10.2799997329711914,9.9350004196166992));
#475=VERTEX_POINT('',#474);
#476=CARTESIAN_POINT('',(43.5000000000000000,10.2799997329711914,9.4849996566772461));
#477=VERTEX_POINT('',#476);
#478=CARTESIAN_POINT('',(43.5000000000000000,10.2799997329711914,9.9350004196166992));
#479=VERTEX_POINT('',#478);
#480=CARTESIAN_POINT('',(43.0000000000000000,10.2799997329711914,9.9350004196166992));
#481=VERTEX_POINT('',#480);
#482=CARTESIAN_POINT('',(43.5000000000000000,10.2799997329711914,9.4849996566772461));
#483=VERTEX_POINT('',#482);
#484=CARTESIAN_POINT('',(43.0000000000000000,10.2799997329711914,9.9350004196166992));
#485=VERTEX_POINT('',#484);
#486=CARTESIAN_POINT('',(43.0000000000000000,10.2799997329711914,0.5000000000000000));
#487=VERTEX_POINT('',#486);
#488=CARTESIAN_POINT('',(43.5000000000000000,10.2799997329711914,9.4849996566772461));
#489=VERTEX_POINT('',#488);
#490=CARTESIAN_POINT('',(43.5000000000000000,10.2799997329711914,0.5000000000000000));
#491=VERTEX_POINT('',#490);
#492=CARTESIAN_POINT('',(43.5000000000000000,10.2799997329711914,9.4849996566772461));
#493=VERTEX_POINT('',#492);
#494=CARTESIAN_POINT('',(43.0000000000000000,10.2799997329711914,0.5000000000000000));
#495=VERTEX_POINT('',#494);
#496=CARTESIAN_POINT('',(43.0000000000000000,35.7200012207031250,9.9849996566772461));
#497=VERTEX_POINT('',#496);
#498=CARTESIAN_POINT('',(43.0000000000000000,10.2799997329711914,9.9849996566772461));
#499=VERTEX_POINT('',#498);
#500=CARTESIAN_POINT('',(75.2699966430664062,10.2799997329711914,9.9849996566772461));
#501=VERTEX_POINT('',#500);
#502=CARTESIAN_POINT('',(43.0000000000000000,35.7200012207031250,9.9849996566772461));
#503=VERTEX_POINT('',#502);
#504=CARTESIAN_POINT('',(75.2699966430664062,10.2799997329711914,9.9849996566772461));
#505=VERTEX_POINT('',#504);
#506=CARTESIAN_POINT('',(75.2699966430664062,35.7200012207031250,9.9849996566772461));
#507=VERTEX_POINT('',#506);
#508=CARTESIAN_POINT('',(43.0000000000000000,35.7200012207031250,9.9849996566772461));
#509=VERTEX_POINT('',#508);
#510=CARTESIAN_POINT('',(43.0000000000000000,35.7200012207031250,9.9350004196166992));
#511=VERTEX_POINT('',#510);
#512=CARTESIAN_POINT('',(43.0000000000000000,10.2799997329711914,9.9350004196166992));
#513=VERTEX_POINT('',#512);
#514=CARTESIAN_POINT('',(43.0000000000000000,35.7200012207031250,9.9849996566772461));
#515=VERTEX_POINT('',#514);
#516=CARTESIAN_POINT('',(43.0000000000000000,10.2799997329711914,9.9350004196166992));
#517=VERTEX_POINT('',#516);
#518=CARTESIAN_POINT('',(43.0000000000000000,10.2799997329711914,9.9849996566772461));
#519=VERTEX_POINT('',#518);
#520=CARTESIAN_POINT('',(75.2699966430664062,23.5000000000000000,9.9350004196166992));
#521=VERTEX_POINT('',#520);
#522=CARTESIAN_POINT('',(75.2699966430664062,35.7200012207031250,9.9849996566772461));
#523=VERTEX_POINT('',#522);
#524=CARTESIAN_POINT('',(75.2699966430664062,23.0000000000000000,9.9350004196166992));
#525=VERTEX_POINT('',#524);
#526=CARTESIAN_POINT('',(75.2699966430664062,10.2799997329711914,9.9849996566772461));
#527=VERTEX_POINT('',#526);
#528=CARTESIAN_POINT('',(75.2699966430664062,23.0000000000000000,9.9350004196166992));
#529=VERTEX_POINT('',#528);
#530=CARTESIAN_POINT('',(75.2699966430664062,35.7200012207031250,9.9849996566772461));
#531=VERTEX_POINT('',#530);
#532=CARTESIAN_POINT('',(75.2799987792968750,23.0000000000000000,9.9350004196166992));
#533=VERTEX_POINT('',#532);
#534=CARTESIAN_POINT('',(75.2799987792968750,23.5000000000000000,9.9350004196166992));
#535=VERTEX_POINT('',#534);
#536=CARTESIAN_POINT('',(75.2699966430664062,23.5000000000000000,9.9350004196166992));
#537=VERTEX_POINT('',#536);
#538=CARTESIAN_POINT('',(75.2799987792968750,23.0000000000000000,9.9350004196166992));
#539=VERTEX_POINT('',#538);
#540=CARTESIAN_POINT('',(75.2699966430664062,23.5000000000000000,9.9350004196166992));
#541=VERTEX_POINT('',#540);
#542=CARTESIAN_POINT('',(75.2699966430664062,23.0000000000000000,9.9350004196166992));
#543=VERTEX_POINT('',#542);
#544=CARTESIAN_POINT('',(43.0000000000000000,35.7200012207031250,9.9350004196166992));
#545=VERTEX_POINT('',#544);
#546=CARTESIAN_POINT('',(43.0000000000000000,35.7200012207031250,0.5000000000000000));
#547=VERTEX_POINT('',#546);
#548=CARTESIAN_POINT('',(43.0000000000000000,10.2799997329711914,0.5000000000000000));
#549=VERTEX_POINT('',#548);
#550=CARTESIAN_POINT('',(43.0000000000000000,35.7200012207031250,9.9350004196166992));
#551=VERTEX_POINT('',#550);
#552=CARTESIAN_POINT('',(43.0000000000000000,10.2799997329711914,0.5000000000000000));
#553=VERTEX_POINT('',#552);
#554=CARTESIAN_POINT('',(43.0000000000000000,10.2799997329711914,9.9350004196166992));
#555=VERTEX_POINT('',#554);
#556=CARTESIAN_POINT('',(75.2799987792968750,23.5000000000000000,0.5030000209808350));
#557=VERTEX_POINT('',#556);
#558=CARTESIAN_POINT('',(75.2699966430664062,23.5000000000000000,0.5030000209808350));
#559=VERTEX_POINT('',#558);
#560=CARTESIAN_POINT('',(75.2699966430664062,23.5000000000000000,9.4849996566772461));
#561=VERTEX_POINT('',#560);
#562=CARTESIAN_POINT('',(78.7730026245117188,23.0000000000000000,0.0000000000000000));
#563=VERTEX_POINT('',#562);
#564=CARTESIAN_POINT('',(150.0000000000000000,-52.0000000000000000,0.0000000000000000));
#565=VERTEX_POINT('',#564);
#566=CARTESIAN_POINT('',(78.6009979248046875,21.9179992675781250,0.0000000000000000));
#567=VERTEX_POINT('',#566);
#568=CARTESIAN_POINT('',(78.1039962768554688,20.9409999847412109,0.0000000000000000));
#569=VERTEX_POINT('',#568);
#570=CARTESIAN_POINT('',(150.0000000000000000,-52.0000000000000000,0.0000000000000000));
#571=VERTEX_POINT('',#570);
#572=CARTESIAN_POINT('',(77.3290023803710938,20.1660003662109375,0.0000000000000000));
#573=VERTEX_POINT('',#572);
#574=CARTESIAN_POINT('',(76.3519973754882812,19.6690006256103516,0.0000000000000000));
#575=VERTEX_POINT('',#574);
#576=CARTESIAN_POINT('',(77.3290023803710938,20.1660003662109375,0.0000000000000000));
#577=VERTEX_POINT('',#576);
#578=CARTESIAN_POINT('',(150.0000000000000000,-52.0000000000000000,0.0000000000000000));
#579=VERTEX_POINT('',#578);
#580=CARTESIAN_POINT('',(71.9390029907226562,24.0820007324218750,0.0000000000000000));
#581=VERTEX_POINT('',#580);
#582=CARTESIAN_POINT('',(71.7679977416992188,23.0000000000000000,0.0000000000000000));
#583=VERTEX_POINT('',#582);
#584=CARTESIAN_POINT('',(-100.0000000000000000,98.0000000000000000,0.0000000000000000));
#585=VERTEX_POINT('',#584);
#586=CARTESIAN_POINT('',(72.4359970092773438,25.0590000152587891,0.0000000000000000));
#587=VERTEX_POINT('',#586);
#588=CARTESIAN_POINT('',(-100.0000000000000000,98.0000000000000000,0.0000000000000000));
#589=VERTEX_POINT('',#588);
#590=CARTESIAN_POINT('',(73.2109985351562500,25.8339996337890625,0.0000000000000000));
#591=VERTEX_POINT('',#590);
#592=CARTESIAN_POINT('',(73.2109985351562500,25.8339996337890625,0.0000000000000000));
#593=VERTEX_POINT('',#592);
#594=CARTESIAN_POINT('',(-100.0000000000000000,98.0000000000000000,0.0000000000000000));
#595=VERTEX_POINT('',#594);
#596=CARTESIAN_POINT('',(74.1880035400390625,26.3309993743896484,0.0000000000000000));
#597=VERTEX_POINT('',#596);
#598=CARTESIAN_POINT('',(75.2699966430664062,26.5030002593994141,0.0000000000000000));
#599=VERTEX_POINT('',#598);
#600=CARTESIAN_POINT('',(150.0000000000000000,98.0000000000000000,0.0000000000000000));
#601=VERTEX_POINT('',#600);
#602=CARTESIAN_POINT('',(76.3519973754882812,26.3309993743896484,0.0000000000000000));
#603=VERTEX_POINT('',#602);
#604=CARTESIAN_POINT('',(-100.0000000000000000,98.0000000000000000,0.0000000000000000));
#605=VERTEX_POINT('',#604);
#606=CARTESIAN_POINT('',(150.0000000000000000,98.0000000000000000,0.0000000000000000));
#607=VERTEX_POINT('',#606);
#608=CARTESIAN_POINT('',(74.1880035400390625,26.3309993743896484,0.0000000000000000));
#609=VERTEX_POINT('',#608);
#610=CARTESIAN_POINT('',(75.2699966430664062,26.5030002593994141,0.0000000000000000));
#611=VERTEX_POINT('',#610);
#612=CARTESIAN_POINT('',(74.1880035400390625,26.3309993743896484,0.0000000000000000));
#613=VERTEX_POINT('',#612);
#614=CARTESIAN_POINT('',(150.0000000000000000,98.0000000000000000,0.0000000000000000));
#615=VERTEX_POINT('',#614);
#616=CARTESIAN_POINT('',(78.1039962768554688,20.9409999847412109,0.0000000000000000));
#617=VERTEX_POINT('',#616);
#618=CARTESIAN_POINT('',(78.6009979248046875,21.9179992675781250,0.0000000000000000));
#619=VERTEX_POINT('',#618);
#620=CARTESIAN_POINT('',(150.0000000000000000,-52.0000000000000000,0.0000000000000000));
#621=VERTEX_POINT('',#620);
#622=CARTESIAN_POINT('',(78.6009979248046875,24.0820007324218750,0.0000000000000000));
#623=VERTEX_POINT('',#622);
#624=CARTESIAN_POINT('',(150.0000000000000000,98.0000000000000000,0.0000000000000000));
#625=VERTEX_POINT('',#624);
#626=CARTESIAN_POINT('',(78.7730026245117188,23.0000000000000000,0.0000000000000000));
#627=VERTEX_POINT('',#626);
#628=CARTESIAN_POINT('',(77.3290023803710938,25.8339996337890625,0.0000000000000000));
#629=VERTEX_POINT('',#628);
#630=CARTESIAN_POINT('',(150.0000000000000000,98.0000000000000000,0.0000000000000000));
#631=VERTEX_POINT('',#630);
#632=CARTESIAN_POINT('',(78.1039962768554688,25.0590000152587891,0.0000000000000000));
#633=VERTEX_POINT('',#632);
#634=CARTESIAN_POINT('',(77.3290023803710938,25.8339996337890625,0.0000000000000000));
#635=VERTEX_POINT('',#634);
#636=CARTESIAN_POINT('',(76.3519973754882812,26.3309993743896484,0.0000000000000000));
#637=VERTEX_POINT('',#636);
#638=CARTESIAN_POINT('',(150.0000000000000000,98.0000000000000000,0.0000000000000000));
#639=VERTEX_POINT('',#638);
#640=CARTESIAN_POINT('',(150.0000000000000000,-52.0000000000000000,0.0000000000000000));
#641=VERTEX_POINT('',#640);
#642=CARTESIAN_POINT('',(78.7730026245117188,23.0000000000000000,0.0000000000000000));
#643=VERTEX_POINT('',#642);
#644=CARTESIAN_POINT('',(150.0000000000000000,98.0000000000000000,0.0000000000000000));
#645=VERTEX_POINT('',#644);
#646=CARTESIAN_POINT('',(71.9390029907226562,21.9179992675781250,0.0000000000000000));
#647=VERTEX_POINT('',#646);
#648=CARTESIAN_POINT('',(72.4359970092773438,20.9409999847412109,0.0000000000000000));
#649=VERTEX_POINT('',#648);
#650=CARTESIAN_POINT('',(-67.7279968261718750,-26.5580005645751953,0.0000000000000000));
#651=VERTEX_POINT('',#650);
#652=CARTESIAN_POINT('',(74.1880035400390625,19.6690006256103516,0.0000000000000000));
#653=VERTEX_POINT('',#652);
#654=CARTESIAN_POINT('',(75.2699966430664062,19.4979991912841797,0.0000000000000000));
#655=VERTEX_POINT('',#654);
#656=CARTESIAN_POINT('',(-67.7279968261718750,-52.0000000000000000,0.0000000000000000));
#657=VERTEX_POINT('',#656);
#658=CARTESIAN_POINT('',(150.0000000000000000,-52.0000000000000000,0.0000000000000000));
#659=VERTEX_POINT('',#658);
#660=CARTESIAN_POINT('',(-67.7279968261718750,-52.0000000000000000,0.0000000000000000));
#661=VERTEX_POINT('',#660);
#662=CARTESIAN_POINT('',(75.2699966430664062,19.4979991912841797,0.0000000000000000));
#663=VERTEX_POINT('',#662);
#664=CARTESIAN_POINT('',(75.2699966430664062,19.4979991912841797,0.0000000000000000));
#665=VERTEX_POINT('',#664);
#666=CARTESIAN_POINT('',(76.3519973754882812,19.6690006256103516,0.0000000000000000));
#667=VERTEX_POINT('',#666);
#668=CARTESIAN_POINT('',(150.0000000000000000,-52.0000000000000000,0.0000000000000000));
#669=VERTEX_POINT('',#668);
#670=CARTESIAN_POINT('',(73.2109985351562500,20.1660003662109375,0.5000000000000000));
#671=VERTEX_POINT('',#670);
#672=CARTESIAN_POINT('',(43.5000000000000000,10.2799997329711914,0.5000000000000000));
#673=VERTEX_POINT('',#672);
#674=CARTESIAN_POINT('',(74.1880035400390625,19.6690006256103516,0.5000000000000000));
#675=VERTEX_POINT('',#674);
#676=CARTESIAN_POINT('',(43.5000000000000000,10.2799997329711914,0.5000000000000000));
#677=VERTEX_POINT('',#676);
#678=CARTESIAN_POINT('',(150.0000000000000000,-52.0000000000000000,0.5000000000000000));
#679=VERTEX_POINT('',#678);
#680=CARTESIAN_POINT('',(74.1880035400390625,19.6690006256103516,0.5000000000000000));
#681=VERTEX_POINT('',#680);
#682=CARTESIAN_POINT('',(72.4359970092773438,20.9409999847412109,0.5000000000000000));
#683=VERTEX_POINT('',#682);
#684=CARTESIAN_POINT('',(43.5000000000000000,10.2799997329711914,0.5000000000000000));
#685=VERTEX_POINT('',#684);
#686=CARTESIAN_POINT('',(73.2109985351562500,20.1660003662109375,0.5000000000000000));
#687=VERTEX_POINT('',#686);
#688=CARTESIAN_POINT('',(71.9390029907226562,21.9179992675781250,0.5000000000000000));
#689=VERTEX_POINT('',#688);
#690=CARTESIAN_POINT('',(43.5000000000000000,10.2799997329711914,0.5000000000000000));
#691=VERTEX_POINT('',#690);
#692=CARTESIAN_POINT('',(72.4359970092773438,20.9409999847412109,0.5000000000000000));
#693=VERTEX_POINT('',#692);
#694=CARTESIAN_POINT('',(43.5000000000000000,35.7200012207031250,0.5000000000000000));
#695=VERTEX_POINT('',#694);
#696=CARTESIAN_POINT('',(43.5000000000000000,10.2799997329711914,0.5000000000000000));
#697=VERTEX_POINT('',#696);
#698=CARTESIAN_POINT('',(71.7679977416992188,23.0000000000000000,0.5000000000000000));
#699=VERTEX_POINT('',#698);
#700=CARTESIAN_POINT('',(71.7679977416992188,23.0000000000000000,0.5000000000000000));
#701=VERTEX_POINT('',#700);
#702=CARTESIAN_POINT('',(71.9390029907226562,24.0820007324218750,0.5000000000000000));
#703=VERTEX_POINT('',#702);
#704=CARTESIAN_POINT('',(43.5000000000000000,35.7200012207031250,0.5000000000000000));
#705=VERTEX_POINT('',#704);
#706=CARTESIAN_POINT('',(78.1039962768554688,25.0590000152587891,0.5000000000000000));
#707=VERTEX_POINT('',#706);
#708=CARTESIAN_POINT('',(78.6009979248046875,24.0820007324218750,0.5000000000000000));
#709=VERTEX_POINT('',#708);
#710=CARTESIAN_POINT('',(150.0000000000000000,98.0000000000000000,0.5000000000000000));
#711=VERTEX_POINT('',#710);
#712=CARTESIAN_POINT('',(78.7730026245117188,23.0000000000000000,0.5000000000000000));
#713=VERTEX_POINT('',#712);
#714=CARTESIAN_POINT('',(150.0000000000000000,98.0000000000000000,0.5000000000000000));
#715=VERTEX_POINT('',#714);
#716=CARTESIAN_POINT('',(78.6009979248046875,24.0820007324218750,0.5000000000000000));
#717=VERTEX_POINT('',#716);
#718=CARTESIAN_POINT('',(78.1039962768554688,20.9409999847412109,0.5000000000000000));
#719=VERTEX_POINT('',#718);
#720=CARTESIAN_POINT('',(150.0000000000000000,-52.0000000000000000,0.5000000000000000));
#721=VERTEX_POINT('',#720);
#722=CARTESIAN_POINT('',(78.6009979248046875,21.9179992675781250,0.5000000000000000));
#723=VERTEX_POINT('',#722);
#724=CARTESIAN_POINT('',(76.3519973754882812,19.6690006256103516,0.5000000000000000));
#725=VERTEX_POINT('',#724);
#726=CARTESIAN_POINT('',(150.0000000000000000,-52.0000000000000000,0.5000000000000000));
#727=VERTEX_POINT('',#726);
#728=CARTESIAN_POINT('',(77.3290023803710938,20.1660003662109375,0.5000000000000000));
#729=VERTEX_POINT('',#728);
#730=CARTESIAN_POINT('',(77.3290023803710938,20.1660003662109375,0.5000000000000000));
#731=VERTEX_POINT('',#730);
#732=CARTESIAN_POINT('',(150.0000000000000000,-52.0000000000000000,0.5000000000000000));
#733=VERTEX_POINT('',#732);
#734=CARTESIAN_POINT('',(78.1039962768554688,20.9409999847412109,0.5000000000000000));
#735=VERTEX_POINT('',#734);
#736=CARTESIAN_POINT('',(150.0000000000000000,98.0000000000000000,0.5000000000000000));
#737=VERTEX_POINT('',#736);
#738=CARTESIAN_POINT('',(78.7730026245117188,23.0000000000000000,0.5000000000000000));
#739=VERTEX_POINT('',#738);
#740=CARTESIAN_POINT('',(150.0000000000000000,-52.0000000000000000,0.5000000000000000));
#741=VERTEX_POINT('',#740);
#742=CARTESIAN_POINT('',(150.0000000000000000,-52.0000000000000000,0.5000000000000000));
#743=VERTEX_POINT('',#742);
#744=CARTESIAN_POINT('',(76.3519973754882812,19.6690006256103516,0.5000000000000000));
#745=VERTEX_POINT('',#744);
#746=CARTESIAN_POINT('',(75.2699966430664062,19.4979991912841797,0.5000000000000000));
#747=VERTEX_POINT('',#746);
#748=CARTESIAN_POINT('',(72.4359970092773438,25.0590000152587891,0.0000000000000000));
#749=VERTEX_POINT('',#748);
#750=CARTESIAN_POINT('',(71.9390029907226562,24.0820007324218750,0.0000000000000000));
#751=VERTEX_POINT('',#750);
#752=CARTESIAN_POINT('',(-100.0000000000000000,98.0000000000000000,0.0000000000000000));
#753=VERTEX_POINT('',#752);
#754=CARTESIAN_POINT('',(71.7679977416992188,23.0000000000000000,0.0000000000000000));
#755=VERTEX_POINT('',#754);
#756=CARTESIAN_POINT('',(71.9390029907226562,21.9179992675781250,0.0000000000000000));
#757=VERTEX_POINT('',#756);
#758=CARTESIAN_POINT('',(-67.7279968261718750,-26.5580005645751953,0.0000000000000000));
#759=VERTEX_POINT('',#758);
#760=CARTESIAN_POINT('',(-100.0000000000000000,-26.5580005645751953,0.0000000000000000));
#761=VERTEX_POINT('',#760);
#762=CARTESIAN_POINT('',(-100.0000000000000000,98.0000000000000000,0.0000000000000000));
#763=VERTEX_POINT('',#762);
#764=CARTESIAN_POINT('',(-67.7279968261718750,-26.5580005645751953,0.0000000000000000));
#765=VERTEX_POINT('',#764);
#766=CARTESIAN_POINT('',(150.0000000000000000,98.0000000000000000,0.5000000000000000));
#767=VERTEX_POINT('',#766);
#768=CARTESIAN_POINT('',(150.0000000000000000,98.0000000000000000,0.0000000000000000));
#769=VERTEX_POINT('',#768);
#770=CARTESIAN_POINT('',(-100.0000000000000000,98.0000000000000000,0.0000000000000000));
#771=VERTEX_POINT('',#770);
#772=CARTESIAN_POINT('',(150.0000000000000000,98.0000000000000000,0.5000000000000000));
#773=VERTEX_POINT('',#772);
#774=CARTESIAN_POINT('',(-100.0000000000000000,98.0000000000000000,0.0000000000000000));
#775=VERTEX_POINT('',#774);
#776=CARTESIAN_POINT('',(-100.0000000000000000,98.0000000000000000,0.5000000000000000));
#777=VERTEX_POINT('',#776);
#778=CARTESIAN_POINT('',(-67.7279968261718750,-52.0000000000000000,0.5000000000000000));
#779=VERTEX_POINT('',#778);
#780=CARTESIAN_POINT('',(-67.7279968261718750,-52.0000000000000000,0.0000000000000000));
#781=VERTEX_POINT('',#780);
#782=CARTESIAN_POINT('',(150.0000000000000000,-52.0000000000000000,0.0000000000000000));
#783=VERTEX_POINT('',#782);
#784=CARTESIAN_POINT('',(-67.7279968261718750,-52.0000000000000000,0.5000000000000000));
#785=VERTEX_POINT('',#784);
#786=CARTESIAN_POINT('',(150.0000000000000000,-52.0000000000000000,0.0000000000000000));
#787=VERTEX_POINT('',#786);
#788=CARTESIAN_POINT('',(150.0000000000000000,-52.0000000000000000,0.5000000000000000));
#789=VERTEX_POINT('',#788);
#790=CARTESIAN_POINT('',(74.1880035400390625,19.6690006256103516,0.0000000000000000));
#791=VERTEX_POINT('',#790);
#792=CARTESIAN_POINT('',(74.1880035400390625,19.6690006256103516,0.5000000000000000));
#793=VERTEX_POINT('',#792);
#794=CARTESIAN_POINT('',(75.2699966430664062,19.4979991912841797,0.5000000000000000));
#795=VERTEX_POINT('',#794);
#796=CARTESIAN_POINT('',(74.1880035400390625,19.6690006256103516,0.0000000000000000));
#797=VERTEX_POINT('',#796);
#798=CARTESIAN_POINT('',(75.2699966430664062,19.4979991912841797,0.5000000000000000));
#799=VERTEX_POINT('',#798);
#800=CARTESIAN_POINT('',(75.2699966430664062,19.4979991912841797,0.0000000000000000));
#801=VERTEX_POINT('',#800);
#802=CARTESIAN_POINT('',(73.2109985351562500,20.1660003662109375,0.0000000000000000));
#803=VERTEX_POINT('',#802);
#804=CARTESIAN_POINT('',(73.2109985351562500,20.1660003662109375,0.5000000000000000));
#805=VERTEX_POINT('',#804);
#806=CARTESIAN_POINT('',(74.1880035400390625,19.6690006256103516,0.5000000000000000));
#807=VERTEX_POINT('',#806);
#808=CARTESIAN_POINT('',(73.2109985351562500,20.1660003662109375,0.0000000000000000));
#809=VERTEX_POINT('',#808);
#810=CARTESIAN_POINT('',(74.1880035400390625,19.6690006256103516,0.5000000000000000));
#811=VERTEX_POINT('',#810);
#812=CARTESIAN_POINT('',(74.1880035400390625,19.6690006256103516,0.0000000000000000));
#813=VERTEX_POINT('',#812);
#814=CARTESIAN_POINT('',(72.4359970092773438,20.9409999847412109,0.0000000000000000));
#815=VERTEX_POINT('',#814);
#816=CARTESIAN_POINT('',(72.4359970092773438,20.9409999847412109,0.5000000000000000));
#817=VERTEX_POINT('',#816);
#818=CARTESIAN_POINT('',(73.2109985351562500,20.1660003662109375,0.5000000000000000));
#819=VERTEX_POINT('',#818);
#820=CARTESIAN_POINT('',(72.4359970092773438,20.9409999847412109,0.0000000000000000));
#821=VERTEX_POINT('',#820);
#822=CARTESIAN_POINT('',(73.2109985351562500,20.1660003662109375,0.5000000000000000));
#823=VERTEX_POINT('',#822);
#824=CARTESIAN_POINT('',(73.2109985351562500,20.1660003662109375,0.0000000000000000));
#825=VERTEX_POINT('',#824);
#826=CARTESIAN_POINT('',(71.9390029907226562,21.9179992675781250,0.0000000000000000));
#827=VERTEX_POINT('',#826);
#828=CARTESIAN_POINT('',(71.9390029907226562,21.9179992675781250,0.5000000000000000));
#829=VERTEX_POINT('',#828);
#830=CARTESIAN_POINT('',(72.4359970092773438,20.9409999847412109,0.5000000000000000));
#831=VERTEX_POINT('',#830);
#832=CARTESIAN_POINT('',(71.9390029907226562,21.9179992675781250,0.0000000000000000));
#833=VERTEX_POINT('',#832);
#834=CARTESIAN_POINT('',(72.4359970092773438,20.9409999847412109,0.5000000000000000));
#835=VERTEX_POINT('',#834);
#836=CARTESIAN_POINT('',(72.4359970092773438,20.9409999847412109,0.0000000000000000));
#837=VERTEX_POINT('',#836);
#838=CARTESIAN_POINT('',(71.9390029907226562,21.9179992675781250,0.5000000000000000));
#839=VERTEX_POINT('',#838);
#840=CARTESIAN_POINT('',(71.9390029907226562,21.9179992675781250,0.0000000000000000));
#841=VERTEX_POINT('',#840);
#842=CARTESIAN_POINT('',(71.7679977416992188,23.0000000000000000,0.0000000000000000));
#843=VERTEX_POINT('',#842);
#844=CARTESIAN_POINT('',(71.9390029907226562,21.9179992675781250,0.5000000000000000));
#845=VERTEX_POINT('',#844);
#846=CARTESIAN_POINT('',(71.7679977416992188,23.0000000000000000,0.0000000000000000));
#847=VERTEX_POINT('',#846);
#848=CARTESIAN_POINT('',(71.7679977416992188,23.0000000000000000,0.5000000000000000));
#849=VERTEX_POINT('',#848);
#850=CARTESIAN_POINT('',(71.9390029907226562,24.0820007324218750,0.0000000000000000));
#851=VERTEX_POINT('',#850);
#852=CARTESIAN_POINT('',(71.9390029907226562,24.0820007324218750,0.5000000000000000));
#853=VERTEX_POINT('',#852);
#854=CARTESIAN_POINT('',(71.7679977416992188,23.0000000000000000,0.5000000000000000));
#855=VERTEX_POINT('',#854);
#856=CARTESIAN_POINT('',(71.9390029907226562,24.0820007324218750,0.0000000000000000));
#857=VERTEX_POINT('',#856);
#858=CARTESIAN_POINT('',(71.7679977416992188,23.0000000000000000,0.5000000000000000));
#859=VERTEX_POINT('',#858);
#860=CARTESIAN_POINT('',(71.7679977416992188,23.0000000000000000,0.0000000000000000));
#861=VERTEX_POINT('',#860);
#862=CARTESIAN_POINT('',(72.4359970092773438,25.0590000152587891,0.0000000000000000));
#863=VERTEX_POINT('',#862);
#864=CARTESIAN_POINT('',(72.4359970092773438,25.0590000152587891,0.5000000000000000));
#865=VERTEX_POINT('',#864);
#866=CARTESIAN_POINT('',(71.9390029907226562,24.0820007324218750,0.5000000000000000));
#867=VERTEX_POINT('',#866);
#868=CARTESIAN_POINT('',(72.4359970092773438,25.0590000152587891,0.0000000000000000));
#869=VERTEX_POINT('',#868);
#870=CARTESIAN_POINT('',(71.9390029907226562,24.0820007324218750,0.5000000000000000));
#871=VERTEX_POINT('',#870);
#872=CARTESIAN_POINT('',(71.9390029907226562,24.0820007324218750,0.0000000000000000));
#873=VERTEX_POINT('',#872);
#874=CARTESIAN_POINT('',(78.6009979248046875,24.0820007324218750,0.0000000000000000));
#875=VERTEX_POINT('',#874);
#876=CARTESIAN_POINT('',(78.6009979248046875,24.0820007324218750,0.5000000000000000));
#877=VERTEX_POINT('',#876);
#878=CARTESIAN_POINT('',(78.1039962768554688,25.0590000152587891,0.0000000000000000));
#879=VERTEX_POINT('',#878);
#880=CARTESIAN_POINT('',(78.1039962768554688,25.0590000152587891,0.5000000000000000));
#881=VERTEX_POINT('',#880);
#882=CARTESIAN_POINT('',(78.1039962768554688,25.0590000152587891,0.0000000000000000));
#883=VERTEX_POINT('',#882);
#884=CARTESIAN_POINT('',(78.6009979248046875,24.0820007324218750,0.5000000000000000));
#885=VERTEX_POINT('',#884);
#886=CARTESIAN_POINT('',(78.7730026245117188,23.0000000000000000,0.0000000000000000));
#887=VERTEX_POINT('',#886);
#888=CARTESIAN_POINT('',(78.7730026245117188,23.0000000000000000,0.5000000000000000));
#889=VERTEX_POINT('',#888);
#890=CARTESIAN_POINT('',(78.6009979248046875,24.0820007324218750,0.0000000000000000));
#891=VERTEX_POINT('',#890);
#892=CARTESIAN_POINT('',(78.6009979248046875,24.0820007324218750,0.5000000000000000));
#893=VERTEX_POINT('',#892);
#894=CARTESIAN_POINT('',(78.6009979248046875,24.0820007324218750,0.0000000000000000));
#895=VERTEX_POINT('',#894);
#896=CARTESIAN_POINT('',(78.7730026245117188,23.0000000000000000,0.5000000000000000));
#897=VERTEX_POINT('',#896);
#898=CARTESIAN_POINT('',(78.6009979248046875,21.9179992675781250,0.0000000000000000));
#899=VERTEX_POINT('',#898);
#900=CARTESIAN_POINT('',(78.6009979248046875,21.9179992675781250,0.5000000000000000));
#901=VERTEX_POINT('',#900);
#902=CARTESIAN_POINT('',(78.7730026245117188,23.0000000000000000,0.5000000000000000));
#903=VERTEX_POINT('',#902);
#904=CARTESIAN_POINT('',(78.6009979248046875,21.9179992675781250,0.0000000000000000));
#905=VERTEX_POINT('',#904);
#906=CARTESIAN_POINT('',(78.7730026245117188,23.0000000000000000,0.5000000000000000));
#907=VERTEX_POINT('',#906);
#908=CARTESIAN_POINT('',(78.7730026245117188,23.0000000000000000,0.0000000000000000));
#909=VERTEX_POINT('',#908);
#910=CARTESIAN_POINT('',(75.2699966430664062,23.0000000000000000,0.5030000209808350));
#911=VERTEX_POINT('',#910);
#912=CARTESIAN_POINT('',(75.2799987792968750,23.0000000000000000,0.5030000209808350));
#913=VERTEX_POINT('',#912);
#914=CARTESIAN_POINT('',(75.2699966430664062,23.0000000000000000,9.4849996566772461));
#915=VERTEX_POINT('',#914);
#916=CARTESIAN_POINT('',(75.2699966430664062,23.0000000000000000,9.4849996566772461));
#917=VERTEX_POINT('',#916);
#918=CARTESIAN_POINT('',(75.2699966430664062,23.5000000000000000,9.4849996566772461));
#919=VERTEX_POINT('',#918);
#920=CARTESIAN_POINT('',(75.2699966430664062,23.5000000000000000,0.5030000209808350));
#921=VERTEX_POINT('',#920);
#922=CARTESIAN_POINT('',(75.2699966430664062,23.0000000000000000,9.4849996566772461));
#923=VERTEX_POINT('',#922);
#924=CARTESIAN_POINT('',(75.2699966430664062,23.5000000000000000,0.5030000209808350));
#925=VERTEX_POINT('',#924);
#926=CARTESIAN_POINT('',(75.2699966430664062,23.0000000000000000,0.5030000209808350));
#927=VERTEX_POINT('',#926);
#928=CARTESIAN_POINT('',(75.2799987792968750,23.0000000000000000,0.5030000209808350));
#929=VERTEX_POINT('',#928);
#930=CARTESIAN_POINT('',(75.2699966430664062,23.0000000000000000,0.5030000209808350));
#931=VERTEX_POINT('',#930);
#932=CARTESIAN_POINT('',(75.2699966430664062,23.5000000000000000,0.5030000209808350));
#933=VERTEX_POINT('',#932);
#934=CARTESIAN_POINT('',(75.2799987792968750,23.0000000000000000,0.5030000209808350));
#935=VERTEX_POINT('',#934);
#936=CARTESIAN_POINT('',(75.2699966430664062,23.5000000000000000,0.5030000209808350));
#937=VERTEX_POINT('',#936);
#938=CARTESIAN_POINT('',(75.2799987792968750,23.5000000000000000,0.5030000209808350));
#939=VERTEX_POINT('',#938);
#940=CARTESIAN_POINT('',(75.2699966430664062,35.7200012207031250,9.4849996566772461));
#941=VERTEX_POINT('',#940);
#942=CARTESIAN_POINT('',(75.2699966430664062,23.5000000000000000,9.4849996566772461));
#943=VERTEX_POINT('',#942);
#944=CARTESIAN_POINT('',(43.5000000000000000,35.7200012207031250,9.4849996566772461));
#945=VERTEX_POINT('',#944);
#946=CARTESIAN_POINT('',(43.5000000000000000,10.2799997329711914,9.4849996566772461));
#947=VERTEX_POINT('',#946);
#948=CARTESIAN_POINT('',(75.2699966430664062,23.0000000000000000,9.4849996566772461));
#949=VERTEX_POINT('',#948);
#950=CARTESIAN_POINT('',(75.2699966430664062,10.2799997329711914,9.4849996566772461));
#951=VERTEX_POINT('',#950);
#952=CARTESIAN_POINT('',(43.5000000000000000,10.2799997329711914,9.4849996566772461));
#953=VERTEX_POINT('',#952);
#954=CARTESIAN_POINT('',(43.5000000000000000,35.7200012207031250,9.4849996566772461));
#955=VERTEX_POINT('',#954);
#956=CARTESIAN_POINT('',(75.2699966430664062,23.0000000000000000,9.4849996566772461));
#957=VERTEX_POINT('',#956);
#958=CARTESIAN_POINT('',(75.2699966430664062,23.5000000000000000,9.4849996566772461));
#959=VERTEX_POINT('',#958);
#960=CARTESIAN_POINT('',(75.2699966430664062,23.0000000000000000,9.4849996566772461));
#961=VERTEX_POINT('',#960);
#962=CARTESIAN_POINT('',(43.5000000000000000,35.7200012207031250,9.4849996566772461));
#963=VERTEX_POINT('',#962);
#964=CARTESIAN_POINT('',(75.2799987792968750,23.5000000000000000,9.9350004196166992));
#965=VERTEX_POINT('',#964);
#966=CARTESIAN_POINT('',(75.2799987792968750,23.5000000000000000,0.5030000209808350));
#967=VERTEX_POINT('',#966);
#968=CARTESIAN_POINT('',(75.2699966430664062,23.5000000000000000,9.4849996566772461));
#969=VERTEX_POINT('',#968);
#970=CARTESIAN_POINT('',(75.2799987792968750,23.5000000000000000,9.9350004196166992));
#971=VERTEX_POINT('',#970);
#972=CARTESIAN_POINT('',(75.2699966430664062,23.5000000000000000,9.4849996566772461));
#973=VERTEX_POINT('',#972);
#974=CARTESIAN_POINT('',(75.2699966430664062,23.5000000000000000,9.9350004196166992));
#975=VERTEX_POINT('',#974);
#976=CARTESIAN_POINT('',(75.2699966430664062,23.0000000000000000,9.9350004196166992));
#977=VERTEX_POINT('',#976);
#978=CARTESIAN_POINT('',(75.2699966430664062,23.0000000000000000,9.4849996566772461));
#979=VERTEX_POINT('',#978);
#980=CARTESIAN_POINT('',(75.2799987792968750,23.0000000000000000,9.9350004196166992));
#981=VERTEX_POINT('',#980);
#982=CARTESIAN_POINT('',(75.2799987792968750,23.0000000000000000,0.5030000209808350));
#983=VERTEX_POINT('',#982);
#984=CARTESIAN_POINT('',(75.2799987792968750,23.0000000000000000,9.9350004196166992));
#985=VERTEX_POINT('',#984);
#986=CARTESIAN_POINT('',(75.2699966430664062,23.0000000000000000,9.4849996566772461));
#987=VERTEX_POINT('',#986);
#988=CARTESIAN_POINT('',(75.2799987792968750,23.5000000000000000,0.5030000209808350));
#989=VERTEX_POINT('',#988);
#990=CARTESIAN_POINT('',(75.2799987792968750,23.5000000000000000,9.9350004196166992));
#991=VERTEX_POINT('',#990);
#992=CARTESIAN_POINT('',(75.2799987792968750,23.0000000000000000,0.5030000209808350));
#993=VERTEX_POINT('',#992);
#994=CARTESIAN_POINT('',(75.2799987792968750,23.0000000000000000,9.9350004196166992));
#995=VERTEX_POINT('',#994);
#996=CARTESIAN_POINT('',(75.2799987792968750,23.0000000000000000,0.5030000209808350));
#997=VERTEX_POINT('',#996);
#998=CARTESIAN_POINT('',(75.2799987792968750,23.5000000000000000,9.9350004196166992));
#999=VERTEX_POINT('',#998);
#1000=CARTESIAN_POINT('',(75.2699966430664062,23.5000000000000000,9.4849996566772461));
#1001=VERTEX_POINT('',#1000);
#1002=CARTESIAN_POINT('',(75.2699966430664062,35.7200012207031250,9.4849996566772461));
#1003=VERTEX_POINT('',#1002);
#1004=CARTESIAN_POINT('',(75.2699966430664062,23.5000000000000000,9.9350004196166992));
#1005=VERTEX_POINT('',#1004);
#1006=CARTESIAN_POINT('',(75.2699966430664062,35.7200012207031250,9.9849996566772461));
#1007=VERTEX_POINT('',#1006);
#1008=CARTESIAN_POINT('',(75.2699966430664062,23.5000000000000000,9.9350004196166992));
#1009=VERTEX_POINT('',#1008);
#1010=CARTESIAN_POINT('',(75.2699966430664062,35.7200012207031250,9.4849996566772461));
#1011=VERTEX_POINT('',#1010);
#1012=CARTESIAN_POINT('',(75.2699966430664062,10.2799997329711914,9.9849996566772461));
#1013=VERTEX_POINT('',#1012);
#1014=CARTESIAN_POINT('',(75.2699966430664062,10.2799997329711914,9.4849996566772461));
#1015=VERTEX_POINT('',#1014);
#1016=CARTESIAN_POINT('',(75.2699966430664062,23.0000000000000000,9.9350004196166992));
#1017=VERTEX_POINT('',#1016);
#1018=CARTESIAN_POINT('',(75.2699966430664062,23.0000000000000000,9.4849996566772461));
#1019=VERTEX_POINT('',#1018);
#1020=CARTESIAN_POINT('',(75.2699966430664062,23.0000000000000000,9.9350004196166992));
#1021=VERTEX_POINT('',#1020);
#1022=CARTESIAN_POINT('',(75.2699966430664062,10.2799997329711914,9.4849996566772461));
#1023=VERTEX_POINT('',#1022);
#1024=CARTESIAN_POINT('',(43.5000000000000000,35.7200012207031250,0.5000000000000000));
#1025=VERTEX_POINT('',#1024);
#1026=CARTESIAN_POINT('',(43.5000000000000000,10.2799997329711914,9.4849996566772461));
#1027=VERTEX_POINT('',#1026);
#1028=CARTESIAN_POINT('',(43.5000000000000000,10.2799997329711914,0.5000000000000000));
#1029=VERTEX_POINT('',#1028);
#1030=CARTESIAN_POINT('',(43.5000000000000000,10.2799997329711914,9.4849996566772461));
#1031=VERTEX_POINT('',#1030);
#1032=CARTESIAN_POINT('',(43.5000000000000000,35.7200012207031250,0.5000000000000000));
#1033=VERTEX_POINT('',#1032);
#1034=CARTESIAN_POINT('',(43.5000000000000000,35.7200012207031250,9.4849996566772461));
#1035=VERTEX_POINT('',#1034);
#1036=STYLED_ITEM('',(#1037),#1044);
#1037=PRESENTATION_STYLE_ASSIGNMENT((#1038));
#1038=SURFACE_STYLE_USAGE(.BOTH.,#1039);
#1039=SURFACE_SIDE_STYLE('',(#1040));
#1040=SURFACE_STYLE_FILL_AREA(#1041);
#1041=FILL_AREA_STYLE('',(#1042));
#1042=FILL_AREA_STYLE_COLOUR('',#1043);
#1043=COLOUR_RGB('',0.8000000119209290,0.8000000119209290,0.8000000119209290);
#1044=FACE_SURFACE('',(#1049),#1045,.T.);
#1045=PLANE('',#1046);
#1046=AXIS2_PLACEMENT_3D('',#100, #1047,#1048);
#1047=DIRECTION('',(0.0000000000000000,0.0000000000000000,1.0000000000000000));
#1048=DIRECTION('',(0.4125186502933502,0.8109237551689148,0.4150073230266571));
#1049=FACE_BOUND('',#1050,.T.);
#1050=EDGE_LOOP('',(#1051,#1052,#1053));
#1051=ORIENTED_EDGE('',*,*,#1054,.T.);
#1052=ORIENTED_EDGE('',*,*,#1055,.T.);
#1053=ORIENTED_EDGE('',*,*,#1056,.T.);
#1054=EDGE_CURVE('',#101,#103,#1057,.F.);
#1055=EDGE_CURVE('',#103,#105,#1058,.T.);
#1056=EDGE_CURVE('',#105,#101,#1059,.T.);
#1057=LINE('',#100,#1060);
#1058=LINE('',#102,#1061);
#1059=LINE('',#104,#1062);
#1060=VECTOR('',#1063,1.0);
#1061=VECTOR('',#1064,1.0);
#1062=VECTOR('',#1065,1.0);
#1063=DIRECTION('',(0.0000000000000000,0.0000000000000000,1.0000000000000000));
#1064=DIRECTION('',(0.4534078538417816,0.8913031816482544,0.0000000000000000));
#1065=DIRECTION('',(-0.4125186502933502,-0.8109237551689148,-0.4150073230266571));
#1066=STYLED_ITEM('',(#1067),#1074);
#1067=PRESENTATION_STYLE_ASSIGNMENT((#1068));
#1068=SURFACE_STYLE_USAGE(.BOTH.,#1069);
#1069=SURFACE_SIDE_STYLE('',(#1070));
#1070=SURFACE_STYLE_FILL_AREA(#1071);
#1071=FILL_AREA_STYLE('',(#1072));
#1072=FILL_AREA_STYLE_COLOUR('',#1073);
#1073=COLOUR_RGB('',0.8000000119209290,0.8000000119209290,0.8000000119209290);
#1074=FACE_SURFACE('',(#1079),#1075,.T.);
#1075=PLANE('',#1076);
#1076=AXIS2_PLACEMENT_3D('',#106, #1077,#1078);
#1077=DIRECTION('',(0.4125186502933502,0.8109237551689148,0.4150073230266571));
#1078=DIRECTION('',(0.4534078538417816,0.8913031816482544,0.0000000000000000));
#1079=FACE_BOUND('',#1080,.T.);
#1080=EDGE_LOOP('',(#1081,#1082,#1083));
#1081=ORIENTED_EDGE('',*,*,#1084,.T.);
#1082=ORIENTED_EDGE('',*,*,#1085,.T.);
#1083=ORIENTED_EDGE('',*,*,#1086,.T.);
#1084=EDGE_CURVE('',#107,#109,#1087,.F.);
#1085=EDGE_CURVE('',#109,#111,#1088,.T.);
#1086=EDGE_CURVE('',#111,#107,#1089,.T.);
#1087=LINE('',#106,#1090);
#1088=LINE('',#108,#1091);
#1089=LINE('',#110,#1092);
#1090=VECTOR('',#1093,1.0);
#1091=VECTOR('',#1094,1.0);
#1092=VECTOR('',#1095,1.0);
#1093=DIRECTION('',(0.4125186502933502,0.8109237551689148,0.4150073230266571));
#1094=DIRECTION('',(0.0000000000000000,0.0000000000000000,-1.0000000000000000));
#1095=DIRECTION('',(-0.4534078538417816,-0.8913031816482544,0.0000000000000000));
#1096=STYLED_ITEM('',(#1097),#1104);
#1097=PRESENTATION_STYLE_ASSIGNMENT((#1098));
#1098=SURFACE_STYLE_USAGE(.BOTH.,#1099);
#1099=SURFACE_SIDE_STYLE('',(#1100));
#1100=SURFACE_STYLE_FILL_AREA(#1101);
#1101=FILL_AREA_STYLE('',(#1102));
#1102=FILL_AREA_STYLE_COLOUR('',#1103);
#1103=COLOUR_RGB('',0.8000000119209290,0.8000000119209290,0.8000000119209290);
#1104=FACE_SURFACE('',(#1109),#1105,.T.);
#1105=PLANE('',#1106);
#1106=AXIS2_PLACEMENT_3D('',#112, #1107,#1108);
#1107=DIRECTION('',(0.0000000000000000,0.0000000000000000,1.0000000000000000));
#1108=DIRECTION('',(0.6433223485946655,0.6433271169662476,0.4150499701499939));
#1109=FACE_BOUND('',#1110,.T.);
#1110=EDGE_LOOP('',(#1111,#1112,#1113));
#1111=ORIENTED_EDGE('',*,*,#1114,.T.);
#1112=ORIENTED_EDGE('',*,*,#1115,.T.);
#1113=ORIENTED_EDGE('',*,*,#1116,.T.);
#1114=EDGE_CURVE('',#113,#115,#1117,.F.);
#1115=EDGE_CURVE('',#115,#117,#1118,.T.);
#1116=EDGE_CURVE('',#117,#113,#1119,.T.);
#1117=LINE('',#112,#1120);
#1118=LINE('',#114,#1121);
#1119=LINE('',#116,#1122);
#1120=VECTOR('',#1123,1.0);
#1121=VECTOR('',#1124,1.0);
#1122=VECTOR('',#1125,1.0);
#1123=DIRECTION('',(0.0000000000000000,0.0000000000000000,1.0000000000000000));
#1124=DIRECTION('',(0.7071041464805603,0.7071093916893005,0.0000000000000000));
#1125=DIRECTION('',(-0.6433223485946655,-0.6433271169662476,-0.4150499701499939));
#1126=STYLED_ITEM('',(#1127),#1134);
#1127=PRESENTATION_STYLE_ASSIGNMENT((#1128));
#1128=SURFACE_STYLE_USAGE(.BOTH.,#1129);
#1129=SURFACE_SIDE_STYLE('',(#1130));
#1130=SURFACE_STYLE_FILL_AREA(#1131);
#1131=FILL_AREA_STYLE('',(#1132));
#1132=FILL_AREA_STYLE_COLOUR('',#1133);
#1133=COLOUR_RGB('',0.8000000119209290,0.8000000119209290,0.8000000119209290);
#1134=FACE_SURFACE('',(#1139),#1135,.T.);
#1135=PLANE('',#1136);
#1136=AXIS2_PLACEMENT_3D('',#118, #1137,#1138);
#1137=DIRECTION('',(0.6433223485946655,0.6433271169662476,0.4150499701499939));
#1138=DIRECTION('',(0.7071041464805603,0.7071093916893005,0.0000000000000000));
#1139=FACE_BOUND('',#1140,.T.);
#1140=EDGE_LOOP('',(#1141,#1142,#1143));
#1141=ORIENTED_EDGE('',*,*,#1144,.T.);
#1142=ORIENTED_EDGE('',*,*,#1145,.T.);
#1143=ORIENTED_EDGE('',*,*,#1146,.T.);
#1144=EDGE_CURVE('',#119,#121,#1147,.F.);
#1145=EDGE_CURVE('',#121,#123,#1148,.T.);
#1146=EDGE_CURVE('',#123,#119,#1149,.T.);
#1147=LINE('',#118,#1150);
#1148=LINE('',#120,#1151);
#1149=LINE('',#122,#1152);
#1150=VECTOR('',#1153,1.0);
#1151=VECTOR('',#1154,1.0);
#1152=VECTOR('',#1155,1.0);
#1153=DIRECTION('',(0.6433223485946655,0.6433271169662476,0.4150499701499939));
#1154=DIRECTION('',(0.0000000000000000,0.0000000000000000,-1.0000000000000000));
#1155=DIRECTION('',(-0.7071041464805603,-0.7071093916893005,0.0000000000000000));
#1156=STYLED_ITEM('',(#1157),#1164);
#1157=PRESENTATION_STYLE_ASSIGNMENT((#1158));
#1158=SURFACE_STYLE_USAGE(.BOTH.,#1159);
#1159=SURFACE_SIDE_STYLE('',(#1160));
#1160=SURFACE_STYLE_FILL_AREA(#1161);
#1161=FILL_AREA_STYLE('',(#1162));
#1162=FILL_AREA_STYLE_COLOUR('',#1163);
#1163=COLOUR_RGB('',0.8000000119209290,0.8000000119209290,0.8000000119209290);
#1164=FACE_SURFACE('',(#1169),#1165,.T.);
#1165=PLANE('',#1166);
#1166=AXIS2_PLACEMENT_3D('',#124, #1167,#1168);
#1167=DIRECTION('',(0.0000000000000000,0.0000000000000000,1.0000000000000000));
#1168=DIRECTION('',(0.8109259009361267,0.4125157594680786,0.4150060117244720));
#1169=FACE_BOUND('',#1170,.T.);
#1170=EDGE_LOOP('',(#1171,#1172,#1173));
#1171=ORIENTED_EDGE('',*,*,#1174,.T.);
#1172=ORIENTED_EDGE('',*,*,#1175,.T.);
#1173=ORIENTED_EDGE('',*,*,#1176,.T.);
#1174=EDGE_CURVE('',#125,#127,#1177,.F.);
#1175=EDGE_CURVE('',#127,#129,#1178,.T.);
#1176=EDGE_CURVE('',#129,#125,#1179,.T.);
#1177=LINE('',#124,#1180);
#1178=LINE('',#126,#1181);
#1179=LINE('',#128,#1182);
#1180=VECTOR('',#1183,1.0);
#1181=VECTOR('',#1184,1.0);
#1182=VECTOR('',#1185,1.0);
#1183=DIRECTION('',(0.0000000000000000,0.0000000000000000,1.0000000000000000));
#1184=DIRECTION('',(0.8913049101829529,0.4534043669700623,0.0000000000000000));
#1185=DIRECTION('',(-0.8109259009361267,-0.4125157594680786,-0.4150060117244720));
#1186=STYLED_ITEM('',(#1187),#1194);
#1187=PRESENTATION_STYLE_ASSIGNMENT((#1188));
#1188=SURFACE_STYLE_USAGE(.BOTH.,#1189);
#1189=SURFACE_SIDE_STYLE('',(#1190));
#1190=SURFACE_STYLE_FILL_AREA(#1191);
#1191=FILL_AREA_STYLE('',(#1192));
#1192=FILL_AREA_STYLE_COLOUR('',#1193);
#1193=COLOUR_RGB('',0.8000000119209290,0.8000000119209290,0.8000000119209290);
#1194=FACE_SURFACE('',(#1199),#1195,.T.);
#1195=PLANE('',#1196);
#1196=AXIS2_PLACEMENT_3D('',#130, #1197,#1198);
#1197=DIRECTION('',(0.8109259009361267,0.4125157594680786,0.4150060117244720));
#1198=DIRECTION('',(0.8913049101829529,0.4534043669700623,0.0000000000000000));
#1199=FACE_BOUND('',#1200,.T.);
#1200=EDGE_LOOP('',(#1201,#1202,#1203));
#1201=ORIENTED_EDGE('',*,*,#1204,.T.);
#1202=ORIENTED_EDGE('',*,*,#1205,.T.);
#1203=ORIENTED_EDGE('',*,*,#1206,.T.);
#1204=EDGE_CURVE('',#131,#133,#1207,.F.);
#1205=EDGE_CURVE('',#133,#135,#1208,.T.);
#1206=EDGE_CURVE('',#135,#131,#1209,.T.);
#1207=LINE('',#130,#1210);
#1208=LINE('',#132,#1211);
#1209=LINE('',#134,#1212);
#1210=VECTOR('',#1213,1.0);
#1211=VECTOR('',#1214,1.0);
#1212=VECTOR('',#1215,1.0);
#1213=DIRECTION('',(0.8109259009361267,0.4125157594680786,0.4150060117244720));
#1214=DIRECTION('',(0.0000000000000000,0.0000000000000000,-1.0000000000000000));
#1215=DIRECTION('',(-0.8913049101829529,-0.4534043669700623,0.0000000000000000));
#1216=STYLED_ITEM('',(#1217),#1224);
#1217=PRESENTATION_STYLE_ASSIGNMENT((#1218));
#1218=SURFACE_STYLE_USAGE(.BOTH.,#1219);
#1219=SURFACE_SIDE_STYLE('',(#1220));
#1220=SURFACE_STYLE_FILL_AREA(#1221);
#1221=FILL_AREA_STYLE('',(#1222));
#1222=FILL_AREA_STYLE_COLOUR('',#1223);
#1223=COLOUR_RGB('',0.8000000119209290,0.8000000119209290,0.8000000119209290);
#1224=FACE_SURFACE('',(#1229),#1225,.T.);
#1225=PLANE('',#1226);
#1226=AXIS2_PLACEMENT_3D('',#136, #1227,#1228);
#1227=DIRECTION('',(0.0000000000000000,0.0000000000000000,-1.0000000000000000));
#1228=DIRECTION('',(-0.8985629081726074,-0.1420105695724487,-0.4152321219444275));
#1229=FACE_BOUND('',#1230,.T.);
#1230=EDGE_LOOP('',(#1231,#1232,#1233));
#1231=ORIENTED_EDGE('',*,*,#1234,.T.);
#1232=ORIENTED_EDGE('',*,*,#1235,.T.);
#1233=ORIENTED_EDGE('',*,*,#1236,.T.);
#1234=EDGE_CURVE('',#137,#139,#1237,.F.);
#1235=EDGE_CURVE('',#139,#141,#1238,.T.);
#1236=EDGE_CURVE('',#141,#137,#1239,.T.);
#1237=LINE('',#136,#1240);
#1238=LINE('',#138,#1241);
#1239=LINE('',#140,#1242);
#1240=VECTOR('',#1243,1.0);
#1241=VECTOR('',#1244,1.0);
#1242=VECTOR('',#1245,1.0);
#1243=DIRECTION('',(0.0000000000000000,0.0000000000000000,-1.0000000000000000));
#1244=DIRECTION('',(-0.9877406358718872,-0.1561043858528137,0.0000000000000000));
#1245=DIRECTION('',(0.8985629081726074,0.1420105695724487,0.4152321219444275));
#1246=STYLED_ITEM('',(#1247),#1254);
#1247=PRESENTATION_STYLE_ASSIGNMENT((#1248));
#1248=SURFACE_STYLE_USAGE(.BOTH.,#1249);
#1249=SURFACE_SIDE_STYLE('',(#1250));
#1250=SURFACE_STYLE_FILL_AREA(#1251);
#1251=FILL_AREA_STYLE('',(#1252));
#1252=FILL_AREA_STYLE_COLOUR('',#1253);
#1253=COLOUR_RGB('',0.8000000119209290,0.8000000119209290,0.8000000119209290);
#1254=FACE_SURFACE('',(#1259),#1255,.T.);
#1255=PLANE('',#1256);
#1256=AXIS2_PLACEMENT_3D('',#142, #1257,#1258);
#1257=DIRECTION('',(-0.8985629081726074,-0.1420105695724487,-0.4152321219444275));
#1258=DIRECTION('',(-0.9877406358718872,-0.1561043858528137,0.0000000000000000));
#1259=FACE_BOUND('',#1260,.T.);
#1260=EDGE_LOOP('',(#1261,#1262,#1263));
#1261=ORIENTED_EDGE('',*,*,#1264,.T.);
#1262=ORIENTED_EDGE('',*,*,#1265,.T.);
#1263=ORIENTED_EDGE('',*,*,#1266,.T.);
#1264=EDGE_CURVE('',#143,#145,#1267,.F.);
#1265=EDGE_CURVE('',#145,#147,#1268,.T.);
#1266=EDGE_CURVE('',#147,#143,#1269,.T.);
#1267=LINE('',#142,#1270);
#1268=LINE('',#144,#1271);
#1269=LINE('',#146,#1272);
#1270=VECTOR('',#1273,1.0);
#1271=VECTOR('',#1274,1.0);
#1272=VECTOR('',#1275,1.0);
#1273=DIRECTION('',(-0.8985629081726074,-0.1420105695724487,-0.4152321219444275));
#1274=DIRECTION('',(0.0000000000000000,0.0000000000000000,1.0000000000000000));
#1275=DIRECTION('',(0.9877406358718872,0.1561043858528137,0.0000000000000000));
#1276=STYLED_ITEM('',(#1277),#1284);
#1277=PRESENTATION_STYLE_ASSIGNMENT((#1278));
#1278=SURFACE_STYLE_USAGE(.BOTH.,#1279);
#1279=SURFACE_SIDE_STYLE('',(#1280));
#1280=SURFACE_STYLE_FILL_AREA(#1281);
#1281=FILL_AREA_STYLE('',(#1282));
#1282=FILL_AREA_STYLE_COLOUR('',#1283);
#1283=COLOUR_RGB('',0.8000000119209290,0.8000000119209290,0.8000000119209290);
#1284=FACE_SURFACE('',(#1289),#1285,.T.);
#1285=PLANE('',#1286);
#1286=AXIS2_PLACEMENT_3D('',#148, #1287,#1288);
#1287=DIRECTION('',(0.0000000000000000,0.0000000000000000,1.0000000000000000));
#1288=DIRECTION('',(-0.6433261036872864,-0.6433244943618774,0.4150482714176178));
#1289=FACE_BOUND('',#1290,.T.);
#1290=EDGE_LOOP('',(#1291,#1292,#1293));
#1291=ORIENTED_EDGE('',*,*,#1294,.T.);
#1292=ORIENTED_EDGE('',*,*,#1295,.T.);
#1293=ORIENTED_EDGE('',*,*,#1296,.T.);
#1294=EDGE_CURVE('',#149,#151,#1297,.F.);
#1295=EDGE_CURVE('',#151,#153,#1298,.T.);
#1296=EDGE_CURVE('',#153,#149,#1299,.T.);
#1297=LINE('',#148,#1300);
#1298=LINE('',#150,#1301);
#1299=LINE('',#152,#1302);
#1300=VECTOR('',#1303,1.0);
#1301=VECTOR('',#1304,1.0);
#1302=VECTOR('',#1305,1.0);
#1303=DIRECTION('',(0.0000000000000000,0.0000000000000000,1.0000000000000000));
#1304=DIRECTION('',(-0.7071076631546021,-0.7071059346199036,0.0000000000000000));
#1305=DIRECTION('',(0.6433261036872864,0.6433244943618774,-0.4150482714176178));
#1306=STYLED_ITEM('',(#1307),#1314);
#1307=PRESENTATION_STYLE_ASSIGNMENT((#1308));
#1308=SURFACE_STYLE_USAGE(.BOTH.,#1309);
#1309=SURFACE_SIDE_STYLE('',(#1310));
#1310=SURFACE_STYLE_FILL_AREA(#1311);
#1311=FILL_AREA_STYLE('',(#1312));
#1312=FILL_AREA_STYLE_COLOUR('',#1313);
#1313=COLOUR_RGB('',0.8000000119209290,0.8000000119209290,0.8000000119209290);
#1314=FACE_SURFACE('',(#1319),#1315,.T.);
#1315=PLANE('',#1316);
#1316=AXIS2_PLACEMENT_3D('',#154, #1317,#1318);
#1317=DIRECTION('',(-0.6433261036872864,-0.6433244943618774,0.4150482714176178));
#1318=DIRECTION('',(-0.7071076631546021,-0.7071059346199036,0.0000000000000000));
#1319=FACE_BOUND('',#1320,.T.);
#1320=EDGE_LOOP('',(#1321,#1322,#1323));
#1321=ORIENTED_EDGE('',*,*,#1324,.T.);
#1322=ORIENTED_EDGE('',*,*,#1325,.T.);
#1323=ORIENTED_EDGE('',*,*,#1326,.T.);
#1324=EDGE_CURVE('',#155,#157,#1327,.F.);
#1325=EDGE_CURVE('',#157,#159,#1328,.T.);
#1326=EDGE_CURVE('',#159,#155,#1329,.T.);
#1327=LINE('',#154,#1330);
#1328=LINE('',#156,#1331);
#1329=LINE('',#158,#1332);
#1330=VECTOR('',#1333,1.0);
#1331=VECTOR('',#1334,1.0);
#1332=VECTOR('',#1335,1.0);
#1333=DIRECTION('',(-0.6433261036872864,-0.6433244943618774,0.4150482714176178));
#1334=DIRECTION('',(0.0000000000000000,0.0000000000000000,-1.0000000000000000));
#1335=DIRECTION('',(0.7071076631546021,0.7071059346199036,0.0000000000000000));
#1336=STYLED_ITEM('',(#1337),#1344);
#1337=PRESENTATION_STYLE_ASSIGNMENT((#1338));
#1338=SURFACE_STYLE_USAGE(.BOTH.,#1339);
#1339=SURFACE_SIDE_STYLE('',(#1340));
#1340=SURFACE_STYLE_FILL_AREA(#1341);
#1341=FILL_AREA_STYLE('',(#1342));
#1342=FILL_AREA_STYLE_COLOUR('',#1343);
#1343=COLOUR_RGB('',0.8000000119209290,0.8000000119209290,0.8000000119209290);
#1344=FACE_SURFACE('',(#1349),#1345,.T.);
#1345=PLANE('',#1346);
#1346=AXIS2_PLACEMENT_3D('',#160, #1347,#1348);
#1347=DIRECTION('',(0.0000000000000000,0.0000000000000000,1.0000000000000000));
#1348=DIRECTION('',(-0.8109259009361267,-0.4125157594680786,0.4150060117244720));
#1349=FACE_BOUND('',#1350,.T.);
#1350=EDGE_LOOP('',(#1351,#1352,#1353));
#1351=ORIENTED_EDGE('',*,*,#1354,.T.);
#1352=ORIENTED_EDGE('',*,*,#1355,.T.);
#1353=ORIENTED_EDGE('',*,*,#1356,.T.);
#1354=EDGE_CURVE('',#161,#163,#1357,.F.);
#1355=EDGE_CURVE('',#163,#165,#1358,.T.);
#1356=EDGE_CURVE('',#165,#161,#1359,.T.);
#1357=LINE('',#160,#1360);
#1358=LINE('',#162,#1361);
#1359=LINE('',#164,#1362);
#1360=VECTOR('',#1363,1.0);
#1361=VECTOR('',#1364,1.0);
#1362=VECTOR('',#1365,1.0);
#1363=DIRECTION('',(0.0000000000000000,0.0000000000000000,1.0000000000000000));
#1364=DIRECTION('',(-0.8913049101829529,-0.4534043669700623,0.0000000000000000));
#1365=DIRECTION('',(0.8109259009361267,0.4125157594680786,-0.4150060117244720));
#1366=STYLED_ITEM('',(#1367),#1374);
#1367=PRESENTATION_STYLE_ASSIGNMENT((#1368));
#1368=SURFACE_STYLE_USAGE(.BOTH.,#1369);
#1369=SURFACE_SIDE_STYLE('',(#1370));
#1370=SURFACE_STYLE_FILL_AREA(#1371);
#1371=FILL_AREA_STYLE('',(#1372));
#1372=FILL_AREA_STYLE_COLOUR('',#1373);
#1373=COLOUR_RGB('',0.8000000119209290,0.8000000119209290,0.8000000119209290);
#1374=FACE_SURFACE('',(#1379),#1375,.T.);
#1375=PLANE('',#1376);
#1376=AXIS2_PLACEMENT_3D('',#166, #1377,#1378);
#1377=DIRECTION('',(-0.8109259009361267,-0.4125157594680786,0.4150060117244720));
#1378=DIRECTION('',(-0.8913049101829529,-0.4534043669700623,0.0000000000000000));
#1379=FACE_BOUND('',#1380,.T.);
#1380=EDGE_LOOP('',(#1381,#1382,#1383));
#1381=ORIENTED_EDGE('',*,*,#1384,.T.);
#1382=ORIENTED_EDGE('',*,*,#1385,.T.);
#1383=ORIENTED_EDGE('',*,*,#1386,.T.);
#1384=EDGE_CURVE('',#167,#169,#1387,.F.);
#1385=EDGE_CURVE('',#169,#171,#1388,.T.);
#1386=EDGE_CURVE('',#171,#167,#1389,.T.);
#1387=LINE('',#166,#1390);
#1388=LINE('',#168,#1391);
#1389=LINE('',#170,#1392);
#1390=VECTOR('',#1393,1.0);
#1391=VECTOR('',#1394,1.0);
#1392=VECTOR('',#1395,1.0);
#1393=DIRECTION('',(-0.8109259009361267,-0.4125157594680786,0.4150060117244720));
#1394=DIRECTION('',(0.0000000000000000,0.0000000000000000,-1.0000000000000000));
#1395=DIRECTION('',(0.8913049101829529,0.4534043669700623,0.0000000000000000));
#1396=STYLED_ITEM('',(#1397),#1404);
#1397=PRESENTATION_STYLE_ASSIGNMENT((#1398));
#1398=SURFACE_STYLE_USAGE(.BOTH.,#1399);
#1399=SURFACE_SIDE_STYLE('',(#1400));
#1400=SURFACE_STYLE_FILL_AREA(#1401);
#1401=FILL_AREA_STYLE('',(#1402));
#1402=FILL_AREA_STYLE_COLOUR('',#1403);
#1403=COLOUR_RGB('',0.8000000119209290,0.8000000119209290,0.8000000119209290);
#1404=FACE_SURFACE('',(#1409),#1405,.T.);
#1405=PLANE('',#1406);
#1406=AXIS2_PLACEMENT_3D('',#172, #1407,#1408);
#1407=DIRECTION('',(0.0000000000000000,0.0000000000000000,1.0000000000000000));
#1408=DIRECTION('',(-0.8984554409980774,-0.1428245007991791,0.4151853919029236));
#1409=FACE_BOUND('',#1410,.T.);
#1410=EDGE_LOOP('',(#1411,#1412,#1413));
#1411=ORIENTED_EDGE('',*,*,#1414,.T.);
#1412=ORIENTED_EDGE('',*,*,#1415,.T.);
#1413=ORIENTED_EDGE('',*,*,#1416,.T.);
#1414=EDGE_CURVE('',#173,#175,#1417,.F.);
#1415=EDGE_CURVE('',#175,#177,#1418,.T.);
#1416=EDGE_CURVE('',#177,#173,#1419,.T.);
#1417=LINE('',#172,#1420);
#1418=LINE('',#174,#1421);
#1419=LINE('',#176,#1422);
#1420=VECTOR('',#1423,1.0);
#1421=VECTOR('',#1424,1.0);
#1422=VECTOR('',#1425,1.0);
#1423=DIRECTION('',(0.0000000000000000,0.0000000000000000,1.0000000000000000));
#1424=DIRECTION('',(-0.9875993132591248,-0.1569954156875610,0.0000000000000000));
#1425=DIRECTION('',(0.8984554409980774,0.1428245007991791,-0.4151853919029236));
#1426=STYLED_ITEM('',(#1427),#1434);
#1427=PRESENTATION_STYLE_ASSIGNMENT((#1428));
#1428=SURFACE_STYLE_USAGE(.BOTH.,#1429);
#1429=SURFACE_SIDE_STYLE('',(#1430));
#1430=SURFACE_STYLE_FILL_AREA(#1431);
#1431=FILL_AREA_STYLE('',(#1432));
#1432=FILL_AREA_STYLE_COLOUR('',#1433);
#1433=COLOUR_RGB('',0.8000000119209290,0.8000000119209290,0.8000000119209290);
#1434=FACE_SURFACE('',(#1439),#1435,.T.);
#1435=PLANE('',#1436);
#1436=AXIS2_PLACEMENT_3D('',#178, #1437,#1438);
#1437=DIRECTION('',(-0.8984554409980774,-0.1428245007991791,0.4151853919029236));
#1438=DIRECTION('',(-0.9875993132591248,-0.1569954156875610,0.0000000000000000));
#1439=FACE_BOUND('',#1440,.T.);
#1440=EDGE_LOOP('',(#1441,#1442,#1443));
#1441=ORIENTED_EDGE('',*,*,#1444,.T.);
#1442=ORIENTED_EDGE('',*,*,#1445,.T.);
#1443=ORIENTED_EDGE('',*,*,#1446,.T.);
#1444=EDGE_CURVE('',#179,#181,#1447,.F.);
#1445=EDGE_CURVE('',#181,#183,#1448,.T.);
#1446=EDGE_CURVE('',#183,#179,#1449,.T.);
#1447=LINE('',#178,#1450);
#1448=LINE('',#180,#1451);
#1449=LINE('',#182,#1452);
#1450=VECTOR('',#1453,1.0);
#1451=VECTOR('',#1454,1.0);
#1452=VECTOR('',#1455,1.0);
#1453=DIRECTION('',(-0.8984554409980774,-0.1428245007991791,0.4151853919029236));
#1454=DIRECTION('',(0.0000000000000000,0.0000000000000000,-1.0000000000000000));
#1455=DIRECTION('',(0.9875993132591248,0.1569954156875610,0.0000000000000000));
#1456=STYLED_ITEM('',(#1457),#1464);
#1457=PRESENTATION_STYLE_ASSIGNMENT((#1458));
#1458=SURFACE_STYLE_USAGE(.BOTH.,#1459);
#1459=SURFACE_SIDE_STYLE('',(#1460));
#1460=SURFACE_STYLE_FILL_AREA(#1461);
#1461=FILL_AREA_STYLE('',(#1462));
#1462=FILL_AREA_STYLE_COLOUR('',#1463);
#1463=COLOUR_RGB('',0.8000000119209290,0.8000000119209290,0.8000000119209290);
#1464=FACE_SURFACE('',(#1469),#1465,.T.);
#1465=PLANE('',#1466);
#1466=AXIS2_PLACEMENT_3D('',#184, #1467,#1468);
#1467=DIRECTION('',(0.0000000000000000,0.0000000000000000,1.0000000000000000));
#1468=DIRECTION('',(-0.8984566926956177,0.1428236961364746,0.4151830375194550));
#1469=FACE_BOUND('',#1470,.T.);
#1470=EDGE_LOOP('',(#1471,#1472,#1473));
#1471=ORIENTED_EDGE('',*,*,#1474,.T.);
#1472=ORIENTED_EDGE('',*,*,#1475,.T.);
#1473=ORIENTED_EDGE('',*,*,#1476,.T.);
#1474=EDGE_CURVE('',#185,#187,#1477,.F.);
#1475=EDGE_CURVE('',#187,#189,#1478,.T.);
#1476=EDGE_CURVE('',#189,#185,#1479,.T.);
#1477=LINE('',#184,#1480);
#1478=LINE('',#186,#1481);
#1479=LINE('',#188,#1482);
#1480=VECTOR('',#1483,1.0);
#1481=VECTOR('',#1484,1.0);
#1482=VECTOR('',#1485,1.0);
#1483=DIRECTION('',(0.0000000000000000,0.0000000000000000,1.0000000000000000));
#1484=DIRECTION('',(-0.9875994920730591,0.1569943428039551,0.0000000000000000));
#1485=DIRECTION('',(0.8984566926956177,-0.1428236961364746,-0.4151830375194550));
#1486=STYLED_ITEM('',(#1487),#1494);
#1487=PRESENTATION_STYLE_ASSIGNMENT((#1488));
#1488=SURFACE_STYLE_USAGE(.BOTH.,#1489);
#1489=SURFACE_SIDE_STYLE('',(#1490));
#1490=SURFACE_STYLE_FILL_AREA(#1491);
#1491=FILL_AREA_STYLE('',(#1492));
#1492=FILL_AREA_STYLE_COLOUR('',#1493);
#1493=COLOUR_RGB('',0.8000000119209290,0.8000000119209290,0.8000000119209290);
#1494=FACE_SURFACE('',(#1499),#1495,.T.);
#1495=PLANE('',#1496);
#1496=AXIS2_PLACEMENT_3D('',#190, #1497,#1498);
#1497=DIRECTION('',(-0.8984566926956177,0.1428236961364746,0.4151830375194550));
#1498=DIRECTION('',(-0.9875994920730591,0.1569943428039551,0.0000000000000000));
#1499=FACE_BOUND('',#1500,.T.);
#1500=EDGE_LOOP('',(#1501,#1502,#1503));
#1501=ORIENTED_EDGE('',*,*,#1504,.T.);
#1502=ORIENTED_EDGE('',*,*,#1505,.T.);
#1503=ORIENTED_EDGE('',*,*,#1506,.T.);
#1504=EDGE_CURVE('',#191,#193,#1507,.F.);
#1505=EDGE_CURVE('',#193,#195,#1508,.T.);
#1506=EDGE_CURVE('',#195,#191,#1509,.T.);
#1507=LINE('',#190,#1510);
#1508=LINE('',#192,#1511);
#1509=LINE('',#194,#1512);
#1510=VECTOR('',#1513,1.0);
#1511=VECTOR('',#1514,1.0);
#1512=VECTOR('',#1515,1.0);
#1513=DIRECTION('',(-0.8984566926956177,0.1428236961364746,0.4151830375194550));
#1514=DIRECTION('',(0.0000000000000000,0.0000000000000000,-1.0000000000000000));
#1515=DIRECTION('',(0.9875994920730591,-0.1569943428039551,0.0000000000000000));
#1516=STYLED_ITEM('',(#1517),#1524);
#1517=PRESENTATION_STYLE_ASSIGNMENT((#1518));
#1518=SURFACE_STYLE_USAGE(.BOTH.,#1519);
#1519=SURFACE_SIDE_STYLE('',(#1520));
#1520=SURFACE_STYLE_FILL_AREA(#1521);
#1521=FILL_AREA_STYLE('',(#1522));
#1522=FILL_AREA_STYLE_COLOUR('',#1523);
#1523=COLOUR_RGB('',0.8000000119209290,0.8000000119209290,0.8000000119209290);
#1524=FACE_SURFACE('',(#1529),#1525,.T.);
#1525=PLANE('',#1526);
#1526=AXIS2_PLACEMENT_3D('',#196, #1527,#1528);
#1527=DIRECTION('',(0.0000000000000000,0.0000000000000000,1.0000000000000000));
#1528=DIRECTION('',(-0.8109259009361267,0.4125157594680786,0.4150060117244720));
#1529=FACE_BOUND('',#1530,.T.);
#1530=EDGE_LOOP('',(#1531,#1532,#1533));
#1531=ORIENTED_EDGE('',*,*,#1534,.T.);
#1532=ORIENTED_EDGE('',*,*,#1535,.T.);
#1533=ORIENTED_EDGE('',*,*,#1536,.T.);
#1534=EDGE_CURVE('',#197,#199,#1537,.F.);
#1535=EDGE_CURVE('',#199,#201,#1538,.T.);
#1536=EDGE_CURVE('',#201,#197,#1539,.T.);
#1537=LINE('',#196,#1540);
#1538=LINE('',#198,#1541);
#1539=LINE('',#200,#1542);
#1540=VECTOR('',#1543,1.0);
#1541=VECTOR('',#1544,1.0);
#1542=VECTOR('',#1545,1.0);
#1543=DIRECTION('',(0.0000000000000000,0.0000000000000000,1.0000000000000000));
#1544=DIRECTION('',(-0.8913049101829529,0.4534043669700623,0.0000000000000000));
#1545=DIRECTION('',(0.8109259009361267,-0.4125157594680786,-0.4150060117244720));
#1546=STYLED_ITEM('',(#1547),#1554);
#1547=PRESENTATION_STYLE_ASSIGNMENT((#1548));
#1548=SURFACE_STYLE_USAGE(.BOTH.,#1549);
#1549=SURFACE_SIDE_STYLE('',(#1550));
#1550=SURFACE_STYLE_FILL_AREA(#1551);
#1551=FILL_AREA_STYLE('',(#1552));
#1552=FILL_AREA_STYLE_COLOUR('',#1553);
#1553=COLOUR_RGB('',0.8000000119209290,0.8000000119209290,0.8000000119209290);
#1554=FACE_SURFACE('',(#1559),#1555,.T.);
#1555=PLANE('',#1556);
#1556=AXIS2_PLACEMENT_3D('',#202, #1557,#1558);
#1557=DIRECTION('',(-0.8109259009361267,0.4125157594680786,0.4150060117244720));
#1558=DIRECTION('',(-0.8913049101829529,0.4534043669700623,0.0000000000000000));
#1559=FACE_BOUND('',#1560,.T.);
#1560=EDGE_LOOP('',(#1561,#1562,#1563));
#1561=ORIENTED_EDGE('',*,*,#1564,.T.);
#1562=ORIENTED_EDGE('',*,*,#1565,.T.);
#1563=ORIENTED_EDGE('',*,*,#1566,.T.);
#1564=EDGE_CURVE('',#203,#205,#1567,.F.);
#1565=EDGE_CURVE('',#205,#207,#1568,.T.);
#1566=EDGE_CURVE('',#207,#203,#1569,.T.);
#1567=LINE('',#202,#1570);
#1568=LINE('',#204,#1571);
#1569=LINE('',#206,#1572);
#1570=VECTOR('',#1573,1.0);
#1571=VECTOR('',#1574,1.0);
#1572=VECTOR('',#1575,1.0);
#1573=DIRECTION('',(-0.8109259009361267,0.4125157594680786,0.4150060117244720));
#1574=DIRECTION('',(0.0000000000000000,0.0000000000000000,-1.0000000000000000));
#1575=DIRECTION('',(0.8913049101829529,-0.4534043669700623,0.0000000000000000));
#1576=STYLED_ITEM('',(#1577),#1584);
#1577=PRESENTATION_STYLE_ASSIGNMENT((#1578));
#1578=SURFACE_STYLE_USAGE(.BOTH.,#1579);
#1579=SURFACE_SIDE_STYLE('',(#1580));
#1580=SURFACE_STYLE_FILL_AREA(#1581);
#1581=FILL_AREA_STYLE('',(#1582));
#1582=FILL_AREA_STYLE_COLOUR('',#1583);
#1583=COLOUR_RGB('',0.8000000119209290,0.8000000119209290,0.8000000119209290);
#1584=FACE_SURFACE('',(#1589),#1585,.T.);
#1585=PLANE('',#1586);
#1586=AXIS2_PLACEMENT_3D('',#208, #1587,#1588);
#1587=DIRECTION('',(0.0000000000000000,0.0000000000000000,1.0000000000000000));
#1588=DIRECTION('',(-0.6433223485946655,0.6433271169662476,0.4150499701499939));
#1589=FACE_BOUND('',#1590,.T.);
#1590=EDGE_LOOP('',(#1591,#1592,#1593));
#1591=ORIENTED_EDGE('',*,*,#1594,.T.);
#1592=ORIENTED_EDGE('',*,*,#1595,.T.);
#1593=ORIENTED_EDGE('',*,*,#1596,.T.);
#1594=EDGE_CURVE('',#209,#211,#1597,.F.);
#1595=EDGE_CURVE('',#211,#213,#1598,.T.);
#1596=EDGE_CURVE('',#213,#209,#1599,.T.);
#1597=LINE('',#208,#1600);
#1598=LINE('',#210,#1601);
#1599=LINE('',#212,#1602);
#1600=VECTOR('',#1603,1.0);
#1601=VECTOR('',#1604,1.0);
#1602=VECTOR('',#1605,1.0);
#1603=DIRECTION('',(0.0000000000000000,0.0000000000000000,1.0000000000000000));
#1604=DIRECTION('',(-0.7071041464805603,0.7071093916893005,0.0000000000000000));
#1605=DIRECTION('',(0.6433223485946655,-0.6433271169662476,-0.4150499701499939));
#1606=STYLED_ITEM('',(#1607),#1614);
#1607=PRESENTATION_STYLE_ASSIGNMENT((#1608));
#1608=SURFACE_STYLE_USAGE(.BOTH.,#1609);
#1609=SURFACE_SIDE_STYLE('',(#1610));
#1610=SURFACE_STYLE_FILL_AREA(#1611);
#1611=FILL_AREA_STYLE('',(#1612));
#1612=FILL_AREA_STYLE_COLOUR('',#1613);
#1613=COLOUR_RGB('',0.8000000119209290,0.8000000119209290,0.8000000119209290);
#1614=FACE_SURFACE('',(#1619),#1615,.T.);
#1615=PLANE('',#1616);
#1616=AXIS2_PLACEMENT_3D('',#214, #1617,#1618);
#1617=DIRECTION('',(-0.6433223485946655,0.6433271169662476,0.4150499701499939));
#1618=DIRECTION('',(-0.7071041464805603,0.7071093916893005,0.0000000000000000));
#1619=FACE_BOUND('',#1620,.T.);
#1620=EDGE_LOOP('',(#1621,#1622,#1623));
#1621=ORIENTED_EDGE('',*,*,#1624,.T.);
#1622=ORIENTED_EDGE('',*,*,#1625,.T.);
#1623=ORIENTED_EDGE('',*,*,#1626,.T.);
#1624=EDGE_CURVE('',#215,#217,#1627,.F.);
#1625=EDGE_CURVE('',#217,#219,#1628,.T.);
#1626=EDGE_CURVE('',#219,#215,#1629,.T.);
#1627=LINE('',#214,#1630);
#1628=LINE('',#216,#1631);
#1629=LINE('',#218,#1632);
#1630=VECTOR('',#1633,1.0);
#1631=VECTOR('',#1634,1.0);
#1632=VECTOR('',#1635,1.0);
#1633=DIRECTION('',(-0.6433223485946655,0.6433271169662476,0.4150499701499939));
#1634=DIRECTION('',(0.0000000000000000,0.0000000000000000,-1.0000000000000000));
#1635=DIRECTION('',(0.7071041464805603,-0.7071093916893005,0.0000000000000000));
#1636=STYLED_ITEM('',(#1637),#1644);
#1637=PRESENTATION_STYLE_ASSIGNMENT((#1638));
#1638=SURFACE_STYLE_USAGE(.BOTH.,#1639);
#1639=SURFACE_SIDE_STYLE('',(#1640));
#1640=SURFACE_STYLE_FILL_AREA(#1641);
#1641=FILL_AREA_STYLE('',(#1642));
#1642=FILL_AREA_STYLE_COLOUR('',#1643);
#1643=COLOUR_RGB('',0.8000000119209290,0.8000000119209290,0.8000000119209290);
#1644=FACE_SURFACE('',(#1649),#1645,.T.);
#1645=PLANE('',#1646);
#1646=AXIS2_PLACEMENT_3D('',#220, #1647,#1648);
#1647=DIRECTION('',(0.0000000000000000,0.0000000000000000,-1.0000000000000000));
#1648=DIRECTION('',(0.0000000000000000,-0.9998069405555725,-0.0196487493813038));
#1649=FACE_BOUND('',#1650,.T.);
#1650=EDGE_LOOP('',(#1651,#1652,#1653));
#1651=ORIENTED_EDGE('',*,*,#1654,.T.);
#1652=ORIENTED_EDGE('',*,*,#1655,.T.);
#1653=ORIENTED_EDGE('',*,*,#1656,.T.);
#1654=EDGE_CURVE('',#221,#223,#1657,.F.);
#1655=EDGE_CURVE('',#223,#225,#1658,.T.);
#1656=EDGE_CURVE('',#225,#221,#1659,.T.);
#1657=LINE('',#220,#1660);
#1658=LINE('',#222,#1661);
#1659=LINE('',#224,#1662);
#1660=VECTOR('',#1663,1.0);
#1661=VECTOR('',#1664,1.0);
#1662=VECTOR('',#1665,1.0);
#1663=DIRECTION('',(0.0000000000000000,0.0000000000000000,-1.0000000000000000));
#1664=DIRECTION('',(0.0000000000000000,-1.0000000000000000,0.0000000000000000));
#1665=DIRECTION('',(0.0000000000000000,0.9998069405555725,0.0196487493813038));
#1666=STYLED_ITEM('',(#1667),#1674);
#1667=PRESENTATION_STYLE_ASSIGNMENT((#1668));
#1668=SURFACE_STYLE_USAGE(.BOTH.,#1669);
#1669=SURFACE_SIDE_STYLE('',(#1670));
#1670=SURFACE_STYLE_FILL_AREA(#1671);
#1671=FILL_AREA_STYLE('',(#1672));
#1672=FILL_AREA_STYLE_COLOUR('',#1673);
#1673=COLOUR_RGB('',0.8000000119209290,0.8000000119209290,0.8000000119209290);
#1674=FACE_SURFACE('',(#1679),#1675,.T.);
#1675=PLANE('',#1676);
#1676=AXIS2_PLACEMENT_3D('',#226, #1677,#1678);
#1677=DIRECTION('',(0.0000000000000000,-0.9998069405555725,-0.0196487493813038));
#1678=DIRECTION('',(0.0000000000000000,-1.0000000000000000,0.0000000000000000));
#1679=FACE_BOUND('',#1680,.T.);
#1680=EDGE_LOOP('',(#1681,#1682,#1683));
#1681=ORIENTED_EDGE('',*,*,#1684,.T.);
#1682=ORIENTED_EDGE('',*,*,#1685,.T.);
#1683=ORIENTED_EDGE('',*,*,#1686,.T.);
#1684=EDGE_CURVE('',#227,#229,#1687,.F.);
#1685=EDGE_CURVE('',#229,#231,#1688,.T.);
#1686=EDGE_CURVE('',#231,#227,#1689,.T.);
#1687=LINE('',#226,#1690);
#1688=LINE('',#228,#1691);
#1689=LINE('',#230,#1692);
#1690=VECTOR('',#1693,1.0);
#1691=VECTOR('',#1694,1.0);
#1692=VECTOR('',#1695,1.0);
#1693=DIRECTION('',(0.0000000000000000,-0.9998069405555725,-0.0196487493813038));
#1694=DIRECTION('',(0.0000000000000000,0.0000000000000000,1.0000000000000000));
#1695=DIRECTION('',(0.0000000000000000,1.0000000000000000,0.0000000000000000));
#1696=STYLED_ITEM('',(#1697),#1704);
#1697=PRESENTATION_STYLE_ASSIGNMENT((#1698));
#1698=SURFACE_STYLE_USAGE(.BOTH.,#1699);
#1699=SURFACE_SIDE_STYLE('',(#1700));
#1700=SURFACE_STYLE_FILL_AREA(#1701);
#1701=FILL_AREA_STYLE('',(#1702));
#1702=FILL_AREA_STYLE_COLOUR('',#1703);
#1703=COLOUR_RGB('',0.8000000119209290,0.8000000119209290,0.8000000119209290);
#1704=FACE_SURFACE('',(#1709),#1705,.T.);
#1705=PLANE('',#1706);
#1706=AXIS2_PLACEMENT_3D('',#232, #1707,#1708);
#1707=DIRECTION('',(0.0000000000000000,0.0000000000000000,1.0000000000000000));
#1708=DIRECTION('',(-0.9998800158500671,0.0000000000000000,0.0154914464801550));
#1709=FACE_BOUND('',#1710,.T.);
#1710=EDGE_LOOP('',(#1711,#1712,#1713));
#1711=ORIENTED_EDGE('',*,*,#1714,.T.);
#1712=ORIENTED_EDGE('',*,*,#1715,.T.);
#1713=ORIENTED_EDGE('',*,*,#1716,.T.);
#1714=EDGE_CURVE('',#233,#235,#1717,.F.);
#1715=EDGE_CURVE('',#235,#237,#1718,.T.);
#1716=EDGE_CURVE('',#237,#233,#1719,.T.);
#1717=LINE('',#232,#1720);
#1718=LINE('',#234,#1721);
#1719=LINE('',#236,#1722);
#1720=VECTOR('',#1723,1.0);
#1721=VECTOR('',#1724,1.0);
#1722=VECTOR('',#1725,1.0);
#1723=DIRECTION('',(0.0000000000000000,0.0000000000000000,1.0000000000000000));
#1724=DIRECTION('',(-1.0000000000000000,0.0000000000000000,0.0000000000000000));
#1725=DIRECTION('',(0.9998800158500671,0.0000000000000000,-0.0154914464801550));
#1726=STYLED_ITEM('',(#1727),#1734);
#1727=PRESENTATION_STYLE_ASSIGNMENT((#1728));
#1728=SURFACE_STYLE_USAGE(.BOTH.,#1729);
#1729=SURFACE_SIDE_STYLE('',(#1730));
#1730=SURFACE_STYLE_FILL_AREA(#1731);
#1731=FILL_AREA_STYLE('',(#1732));
#1732=FILL_AREA_STYLE_COLOUR('',#1733);
#1733=COLOUR_RGB('',0.8000000119209290,0.8000000119209290,0.8000000119209290);
#1734=FACE_SURFACE('',(#1739),#1735,.T.);
#1735=PLANE('',#1736);
#1736=AXIS2_PLACEMENT_3D('',#238, #1737,#1738);
#1737=DIRECTION('',(-0.9998800158500671,0.0000000000000000,0.0154914464801550));
#1738=DIRECTION('',(-1.0000000000000000,0.0000000000000000,0.0000000000000000));
#1739=FACE_BOUND('',#1740,.T.);
#1740=EDGE_LOOP('',(#1741,#1742,#1743));
#1741=ORIENTED_EDGE('',*,*,#1744,.T.);
#1742=ORIENTED_EDGE('',*,*,#1745,.T.);
#1743=ORIENTED_EDGE('',*,*,#1746,.T.);
#1744=EDGE_CURVE('',#239,#241,#1747,.F.);
#1745=EDGE_CURVE('',#241,#243,#1748,.T.);
#1746=EDGE_CURVE('',#243,#239,#1749,.T.);
#1747=LINE('',#238,#1750);
#1748=LINE('',#240,#1751);
#1749=LINE('',#242,#1752);
#1750=VECTOR('',#1753,1.0);
#1751=VECTOR('',#1754,1.0);
#1752=VECTOR('',#1755,1.0);
#1753=DIRECTION('',(-0.9998800158500671,0.0000000000000000,0.0154914464801550));
#1754=DIRECTION('',(0.0000000000000000,0.0000000000000000,-1.0000000000000000));
#1755=DIRECTION('',(1.0000000000000000,0.0000000000000000,0.0000000000000000));
#1756=STYLED_ITEM('',(#1757),#1764);
#1757=PRESENTATION_STYLE_ASSIGNMENT((#1758));
#1758=SURFACE_STYLE_USAGE(.BOTH.,#1759);
#1759=SURFACE_SIDE_STYLE('',(#1760));
#1760=SURFACE_STYLE_FILL_AREA(#1761);
#1761=FILL_AREA_STYLE('',(#1762));
#1762=FILL_AREA_STYLE_COLOUR('',#1763);
#1763=COLOUR_RGB('',0.8000000119209290,0.8000000119209290,0.8000000119209290);
#1764=FACE_SURFACE('',(#1769),#1765,.T.);
#1765=PLANE('',#1766);
#1766=AXIS2_PLACEMENT_3D('',#244, #1767,#1768);
#1767=DIRECTION('',(0.8632315993309021,0.5048081278800964,0.0000000000000000));
#1768=DIRECTION('',(-1.0000000000000000,0.0000000000000000,0.0000000000000000));
#1769=FACE_BOUND('',#1770,.T.);
#1770=EDGE_LOOP('',(#1771,#1772,#1773));
#1771=ORIENTED_EDGE('',*,*,#1774,.T.);
#1772=ORIENTED_EDGE('',*,*,#1775,.T.);
#1773=ORIENTED_EDGE('',*,*,#1776,.T.);
#1774=EDGE_CURVE('',#245,#247,#1777,.F.);
#1775=EDGE_CURVE('',#247,#249,#1778,.T.);
#1776=EDGE_CURVE('',#249,#245,#1779,.T.);
#1777=LINE('',#244,#1780);
#1778=LINE('',#246,#1781);
#1779=LINE('',#248,#1782);
#1780=VECTOR('',#1783,1.0);
#1781=VECTOR('',#1784,1.0);
#1782=VECTOR('',#1785,1.0);
#1783=DIRECTION('',(0.8632315993309021,0.5048081278800964,0.0000000000000000));
#1784=DIRECTION('',(-0.8642589449882507,-0.5030471682548523,0.0000000000000000));
#1785=DIRECTION('',(1.0000000000000000,0.0000000000000000,0.0000000000000000));
#1786=STYLED_ITEM('',(#1787),#1794);
#1787=PRESENTATION_STYLE_ASSIGNMENT((#1788));
#1788=SURFACE_STYLE_USAGE(.BOTH.,#1789);
#1789=SURFACE_SIDE_STYLE('',(#1790));
#1790=SURFACE_STYLE_FILL_AREA(#1791);
#1791=FILL_AREA_STYLE('',(#1792));
#1792=FILL_AREA_STYLE_COLOUR('',#1793);
#1793=COLOUR_RGB('',0.8000000119209290,0.8000000119209290,0.8000000119209290);
#1794=FACE_SURFACE('',(#1799),#1795,.T.);
#1795=PLANE('',#1796);
#1796=AXIS2_PLACEMENT_3D('',#250, #1797,#1798);
#1797=DIRECTION('',(0.0000000000000000,-1.0000000000000000,0.0000000000000000));
#1798=DIRECTION('',(0.9488664865493774,0.3156775832176208,0.0000000000000000));
#1799=FACE_BOUND('',#1800,.T.);
#1800=EDGE_LOOP('',(#1801,#1802,#1803));
#1801=ORIENTED_EDGE('',*,*,#1804,.T.);
#1802=ORIENTED_EDGE('',*,*,#1805,.T.);
#1803=ORIENTED_EDGE('',*,*,#1806,.T.);
#1804=EDGE_CURVE('',#251,#253,#1807,.F.);
#1805=EDGE_CURVE('',#253,#255,#1808,.T.);
#1806=EDGE_CURVE('',#255,#251,#1809,.T.);
#1807=LINE('',#250,#1810);
#1808=LINE('',#252,#1811);
#1809=LINE('',#254,#1812);
#1810=VECTOR('',#1813,1.0);
#1811=VECTOR('',#1814,1.0);
#1812=VECTOR('',#1815,1.0);
#1813=DIRECTION('',(0.0000000000000000,-1.0000000000000000,0.0000000000000000));
#1814=DIRECTION('',(0.8715906739234924,0.4902343451976776,0.0000000000000000));
#1815=DIRECTION('',(-0.9488664865493774,-0.3156775832176208,0.0000000000000000));
#1816=STYLED_ITEM('',(#1817),#1824);
#1817=PRESENTATION_STYLE_ASSIGNMENT((#1818));
#1818=SURFACE_STYLE_USAGE(.BOTH.,#1819);
#1819=SURFACE_SIDE_STYLE('',(#1820));
#1820=SURFACE_STYLE_FILL_AREA(#1821);
#1821=FILL_AREA_STYLE('',(#1822));
#1822=FILL_AREA_STYLE_COLOUR('',#1823);
#1823=COLOUR_RGB('',0.8000000119209290,0.8000000119209290,0.8000000119209290);
#1824=FACE_SURFACE('',(#1829),#1825,.T.);
#1825=PLANE('',#1826);
#1826=AXIS2_PLACEMENT_3D('',#256, #1827,#1828);
#1827=DIRECTION('',(0.0000000000000000,1.0000000000000000,0.0000000000000000));
#1828=DIRECTION('',(-0.9488664865493774,-0.3156775832176208,0.0000000000000000));
#1829=FACE_BOUND('',#1830,.T.);
#1830=EDGE_LOOP('',(#1831,#1832,#1833));
#1831=ORIENTED_EDGE('',*,*,#1834,.T.);
#1832=ORIENTED_EDGE('',*,*,#1835,.T.);
#1833=ORIENTED_EDGE('',*,*,#1836,.T.);
#1834=EDGE_CURVE('',#257,#259,#1837,.F.);
#1835=EDGE_CURVE('',#259,#261,#1838,.T.);
#1836=EDGE_CURVE('',#261,#257,#1839,.T.);
#1837=LINE('',#256,#1840);
#1838=LINE('',#258,#1841);
#1839=LINE('',#260,#1842);
#1840=VECTOR('',#1843,1.0);
#1841=VECTOR('',#1844,1.0);
#1842=VECTOR('',#1845,1.0);
#1843=DIRECTION('',(0.0000000000000000,1.0000000000000000,0.0000000000000000));
#1844=DIRECTION('',(-0.8715974092483521,-0.4902223944664001,0.0000000000000000));
#1845=DIRECTION('',(0.9488664865493774,0.3156775832176208,0.0000000000000000));
#1846=STYLED_ITEM('',(#1847),#1854);
#1847=PRESENTATION_STYLE_ASSIGNMENT((#1848));
#1848=SURFACE_STYLE_USAGE(.BOTH.,#1849);
#1849=SURFACE_SIDE_STYLE('',(#1850));
#1850=SURFACE_STYLE_FILL_AREA(#1851);
#1851=FILL_AREA_STYLE('',(#1852));
#1852=FILL_AREA_STYLE_COLOUR('',#1853);
#1853=COLOUR_RGB('',0.8000000119209290,0.8000000119209290,0.8000000119209290);
#1854=FACE_SURFACE('',(#1859),#1855,.T.);
#1855=PLANE('',#1856);
#1856=AXIS2_PLACEMENT_3D('',#262, #1857,#1858);
#1857=DIRECTION('',(1.0000000000000000,0.0000000000000000,0.0000000000000000));
#1858=DIRECTION('',(0.0000000000000000,1.0000000000000000,0.0000000000000000));
#1859=FACE_BOUND('',#1860,.T.);
#1860=EDGE_LOOP('',(#1861,#1862,#1863));
#1861=ORIENTED_EDGE('',*,*,#1864,.T.);
#1862=ORIENTED_EDGE('',*,*,#1865,.T.);
#1863=ORIENTED_EDGE('',*,*,#1866,.T.);
#1864=EDGE_CURVE('',#263,#265,#1867,.F.);
#1865=EDGE_CURVE('',#265,#267,#1868,.T.);
#1866=EDGE_CURVE('',#267,#263,#1869,.T.);
#1867=LINE('',#262,#1870);
#1868=LINE('',#264,#1871);
#1869=LINE('',#266,#1872);
#1870=VECTOR('',#1873,1.0);
#1871=VECTOR('',#1874,1.0);
#1872=VECTOR('',#1875,1.0);
#1873=DIRECTION('',(1.0000000000000000,0.0000000000000000,0.0000000000000000));
#1874=DIRECTION('',(-0.2508105933666229,0.9680361747741699,0.0000000000000000));
#1875=DIRECTION('',(0.0000000000000000,-1.0000000000000000,0.0000000000000000));
#1876=STYLED_ITEM('',(#1877),#1884);
#1877=PRESENTATION_STYLE_ASSIGNMENT((#1878));
#1878=SURFACE_STYLE_USAGE(.BOTH.,#1879);
#1879=SURFACE_SIDE_STYLE('',(#1880));
#1880=SURFACE_STYLE_FILL_AREA(#1881);
#1881=FILL_AREA_STYLE('',(#1882));
#1882=FILL_AREA_STYLE_COLOUR('',#1883);
#1883=COLOUR_RGB('',0.8000000119209290,0.8000000119209290,0.8000000119209290);
#1884=FACE_SURFACE('',(#1889),#1885,.T.);
#1885=PLANE('',#1886);
#1886=AXIS2_PLACEMENT_3D('',#268, #1887,#1888);
#1887=DIRECTION('',(-0.9168211817741394,0.3992980420589447,0.0000000000000000));
#1888=DIRECTION('',(-0.8715974092483521,-0.4902223944664001,0.0000000000000000));
#1889=FACE_BOUND('',#1890,.T.);
#1890=EDGE_LOOP('',(#1891,#1892,#1893));
#1891=ORIENTED_EDGE('',*,*,#1894,.T.);
#1892=ORIENTED_EDGE('',*,*,#1895,.T.);
#1893=ORIENTED_EDGE('',*,*,#1896,.T.);
#1894=EDGE_CURVE('',#269,#271,#1897,.F.);
#1895=EDGE_CURVE('',#271,#273,#1898,.T.);
#1896=EDGE_CURVE('',#273,#269,#1899,.T.);
#1897=LINE('',#268,#1900);
#1898=LINE('',#270,#1901);
#1899=LINE('',#272,#1902);
#1900=VECTOR('',#1903,1.0);
#1901=VECTOR('',#1904,1.0);
#1902=VECTOR('',#1905,1.0);
#1903=DIRECTION('',(-0.9168211817741394,0.3992980420589447,0.0000000000000000));
#1904=DIRECTION('',(0.2508105933666229,-0.9680361747741699,0.0000000000000000));
#1905=DIRECTION('',(0.8715974092483521,0.4902223944664001,0.0000000000000000));
#1906=STYLED_ITEM('',(#1907),#1914);
#1907=PRESENTATION_STYLE_ASSIGNMENT((#1908));
#1908=SURFACE_STYLE_USAGE(.BOTH.,#1909);
#1909=SURFACE_SIDE_STYLE('',(#1910));
#1910=SURFACE_STYLE_FILL_AREA(#1911);
#1911=FILL_AREA_STYLE('',(#1912));
#1912=FILL_AREA_STYLE_COLOUR('',#1913);
#1913=COLOUR_RGB('',0.8000000119209290,0.8000000119209290,0.8000000119209290);
#1914=FACE_SURFACE('',(#1919),#1915,.T.);
#1915=PLANE('',#1916);
#1916=AXIS2_PLACEMENT_3D('',#274, #1917,#1918);
#1917=DIRECTION('',(0.8901004195213318,0.4557644724845886,0.0000000000000000));
#1918=DIRECTION('',(0.8926312327384949,0.4507876932621002,0.0000000000000000));
#1919=FACE_BOUND('',#1920,.T.);
#1920=EDGE_LOOP('',(#1921,#1922,#1923));
#1921=ORIENTED_EDGE('',*,*,#1924,.T.);
#1922=ORIENTED_EDGE('',*,*,#1925,.T.);
#1923=ORIENTED_EDGE('',*,*,#1926,.T.);
#1924=EDGE_CURVE('',#275,#277,#1927,.F.);
#1925=EDGE_CURVE('',#277,#279,#1928,.T.);
#1926=EDGE_CURVE('',#279,#275,#1929,.T.);
#1927=LINE('',#274,#1930);
#1928=LINE('',#276,#1931);
#1929=LINE('',#278,#1932);
#1930=VECTOR('',#1933,1.0);
#1931=VECTOR('',#1934,1.0);
#1932=VECTOR('',#1935,1.0);
#1933=DIRECTION('',(0.8901004195213318,0.4557644724845886,0.0000000000000000));
#1934=DIRECTION('',(0.8913049101829529,-0.4534043669700623,0.0000000000000000));
#1935=DIRECTION('',(-0.8926312327384949,-0.4507876932621002,0.0000000000000000));
#1936=STYLED_ITEM('',(#1937),#1944);
#1937=PRESENTATION_STYLE_ASSIGNMENT((#1938));
#1938=SURFACE_STYLE_USAGE(.BOTH.,#1939);
#1939=SURFACE_SIDE_STYLE('',(#1940));
#1940=SURFACE_STYLE_FILL_AREA(#1941);
#1941=FILL_AREA_STYLE('',(#1942));
#1942=FILL_AREA_STYLE_COLOUR('',#1943);
#1943=COLOUR_RGB('',0.8000000119209290,0.8000000119209290,0.8000000119209290);
#1944=FACE_SURFACE('',(#1949),#1945,.T.);
#1945=PLANE('',#1946);
#1946=AXIS2_PLACEMENT_3D('',#280, #1947,#1948);
#1947=DIRECTION('',(0.0000000000000000,1.0000000000000000,0.0000000000000000));
#1948=DIRECTION('',(0.8870724439620972,0.4616303443908691,0.0000000000000000));
#1949=FACE_BOUND('',#1950,.T.);
#1950=EDGE_LOOP('',(#1951,#1952,#1953));
#1951=ORIENTED_EDGE('',*,*,#1954,.T.);
#1952=ORIENTED_EDGE('',*,*,#1955,.T.);
#1953=ORIENTED_EDGE('',*,*,#1956,.T.);
#1954=EDGE_CURVE('',#281,#283,#1957,.F.);
#1955=EDGE_CURVE('',#283,#285,#1958,.T.);
#1956=EDGE_CURVE('',#285,#281,#1959,.T.);
#1957=LINE('',#280,#1960);
#1958=LINE('',#282,#1961);
#1959=LINE('',#284,#1962);
#1960=VECTOR('',#1963,1.0);
#1961=VECTOR('',#1964,1.0);
#1962=VECTOR('',#1965,1.0);
#1963=DIRECTION('',(0.0000000000000000,1.0000000000000000,0.0000000000000000));
#1964=DIRECTION('',(0.9470950961112976,0.3209531009197235,0.0000000000000000));
#1965=DIRECTION('',(-0.8870724439620972,-0.4616303443908691,0.0000000000000000));
#1966=STYLED_ITEM('',(#1967),#1974);
#1967=PRESENTATION_STYLE_ASSIGNMENT((#1968));
#1968=SURFACE_STYLE_USAGE(.BOTH.,#1969);
#1969=SURFACE_SIDE_STYLE('',(#1970));
#1970=SURFACE_STYLE_FILL_AREA(#1971);
#1971=FILL_AREA_STYLE('',(#1972));
#1972=FILL_AREA_STYLE_COLOUR('',#1973);
#1973=COLOUR_RGB('',0.8000000119209290,0.8000000119209290,0.8000000119209290);
#1974=FACE_SURFACE('',(#1979),#1975,.T.);
#1975=PLANE('',#1976);
#1976=AXIS2_PLACEMENT_3D('',#286, #1977,#1978);
#1977=DIRECTION('',(0.7071076631546021,-0.7071059346199036,0.0000000000000000));
#1978=DIRECTION('',(-0.8870724439620972,-0.4616303443908691,0.0000000000000000));
#1979=FACE_BOUND('',#1980,.T.);
#1980=EDGE_LOOP('',(#1981,#1982,#1983));
#1981=ORIENTED_EDGE('',*,*,#1984,.T.);
#1982=ORIENTED_EDGE('',*,*,#1985,.T.);
#1983=ORIENTED_EDGE('',*,*,#1986,.T.);
#1984=EDGE_CURVE('',#287,#289,#1987,.F.);
#1985=EDGE_CURVE('',#289,#291,#1988,.T.);
#1986=EDGE_CURVE('',#291,#287,#1989,.T.);
#1987=LINE('',#286,#1990);
#1988=LINE('',#288,#1991);
#1989=LINE('',#290,#1992);
#1990=VECTOR('',#1993,1.0);
#1991=VECTOR('',#1994,1.0);
#1992=VECTOR('',#1995,1.0);
#1993=DIRECTION('',(0.7071076631546021,-0.7071059346199036,0.0000000000000000));
#1994=DIRECTION('',(-0.8901004195213318,-0.4557644724845886,0.0000000000000000));
#1995=DIRECTION('',(0.8870724439620972,0.4616303443908691,0.0000000000000000));
#1996=STYLED_ITEM('',(#1997),#2004);
#1997=PRESENTATION_STYLE_ASSIGNMENT((#1998));
#1998=SURFACE_STYLE_USAGE(.BOTH.,#1999);
#1999=SURFACE_SIDE_STYLE('',(#2000));
#2000=SURFACE_STYLE_FILL_AREA(#2001);
#2001=FILL_AREA_STYLE('',(#2002));
#2002=FILL_AREA_STYLE_COLOUR('',#2003);
#2003=COLOUR_RGB('',0.8000000119209290,0.8000000119209290,0.8000000119209290);
#2004=FACE_SURFACE('',(#2009),#2005,.T.);
#2005=PLANE('',#2006);
#2006=AXIS2_PLACEMENT_3D('',#292, #2007,#2008);
#2007=DIRECTION('',(-0.2508105933666229,0.9680361747741699,0.0000000000000000));
#2008=DIRECTION('',(0.9423011541366577,0.3347662985324860,0.0000000000000000));
#2009=FACE_BOUND('',#2010,.T.);
#2010=EDGE_LOOP('',(#2011,#2012,#2013));
#2011=ORIENTED_EDGE('',*,*,#2014,.T.);
#2012=ORIENTED_EDGE('',*,*,#2015,.T.);
#2013=ORIENTED_EDGE('',*,*,#2016,.T.);
#2014=EDGE_CURVE('',#293,#295,#2017,.F.);
#2015=EDGE_CURVE('',#295,#297,#2018,.T.);
#2016=EDGE_CURVE('',#297,#293,#2019,.T.);
#2017=LINE('',#292,#2020);
#2018=LINE('',#294,#2021);
#2019=LINE('',#296,#2022);
#2020=VECTOR('',#2023,1.0);
#2021=VECTOR('',#2024,1.0);
#2022=VECTOR('',#2025,1.0);
#2023=DIRECTION('',(-0.2508105933666229,0.9680361747741699,0.0000000000000000));
#2024=DIRECTION('',(0.9164479970932007,-0.4001536667346954,0.0000000000000000));
#2025=DIRECTION('',(-0.9423011541366577,-0.3347662985324860,0.0000000000000000));
#2026=STYLED_ITEM('',(#2027),#2034);
#2027=PRESENTATION_STYLE_ASSIGNMENT((#2028));
#2028=SURFACE_STYLE_USAGE(.BOTH.,#2029);
#2029=SURFACE_SIDE_STYLE('',(#2030));
#2030=SURFACE_STYLE_FILL_AREA(#2031);
#2031=FILL_AREA_STYLE('',(#2032));
#2032=FILL_AREA_STYLE_COLOUR('',#2033);
#2033=COLOUR_RGB('',0.8000000119209290,0.8000000119209290,0.8000000119209290);
#2034=FACE_SURFACE('',(#2039),#2035,.T.);
#2035=PLANE('',#2036);
#2036=AXIS2_PLACEMENT_3D('',#298, #2037,#2038);
#2037=DIRECTION('',(0.7019867300987244,0.7121900320053101,0.0000000000000000));
#2038=DIRECTION('',(0.4534078538417816,-0.8913031816482544,0.0000000000000000));
#2039=FACE_BOUND('',#2040,.T.);
#2040=EDGE_LOOP('',(#2041,#2042,#2043));
#2041=ORIENTED_EDGE('',*,*,#2044,.T.);
#2042=ORIENTED_EDGE('',*,*,#2045,.T.);
#2043=ORIENTED_EDGE('',*,*,#2046,.T.);
#2044=EDGE_CURVE('',#299,#301,#2047,.F.);
#2045=EDGE_CURVE('',#301,#303,#2048,.T.);
#2046=EDGE_CURVE('',#303,#299,#2049,.T.);
#2047=LINE('',#298,#2050);
#2048=LINE('',#300,#2051);
#2049=LINE('',#302,#2052);
#2050=VECTOR('',#2053,1.0);
#2051=VECTOR('',#2054,1.0);
#2052=VECTOR('',#2055,1.0);
#2053=DIRECTION('',(0.7019867300987244,0.7121900320053101,0.0000000000000000));
#2054=DIRECTION('',(-0.6947450637817383,-0.7192561030387878,0.0000000000000000));
#2055=DIRECTION('',(-0.4534078538417816,0.8913031816482544,0.0000000000000000));
#2056=STYLED_ITEM('',(#2057),#2064);
#2057=PRESENTATION_STYLE_ASSIGNMENT((#2058));
#2058=SURFACE_STYLE_USAGE(.BOTH.,#2059);
#2059=SURFACE_SIDE_STYLE('',(#2060));
#2060=SURFACE_STYLE_FILL_AREA(#2061);
#2061=FILL_AREA_STYLE('',(#2062));
#2062=FILL_AREA_STYLE_COLOUR('',#2063);
#2063=COLOUR_RGB('',0.8000000119209290,0.8000000119209290,0.8000000119209290);
#2064=FACE_SURFACE('',(#2069),#2065,.T.);
#2065=PLANE('',#2066);
#2066=AXIS2_PLACEMENT_3D('',#304, #2067,#2068);
#2067=DIRECTION('',(-0.9383392333984375,0.3457159698009491,0.0000000000000000));
#2068=DIRECTION('',(-0.4534022808074951,-0.8913059234619141,0.0000000000000000));
#2069=FACE_BOUND('',#2070,.T.);
#2070=EDGE_LOOP('',(#2071,#2072,#2073));
#2071=ORIENTED_EDGE('',*,*,#2074,.T.);
#2072=ORIENTED_EDGE('',*,*,#2075,.T.);
#2073=ORIENTED_EDGE('',*,*,#2076,.T.);
#2074=EDGE_CURVE('',#305,#307,#2077,.F.);
#2075=EDGE_CURVE('',#307,#309,#2078,.T.);
#2076=EDGE_CURVE('',#309,#305,#2079,.T.);
#2077=LINE('',#304,#2080);
#2078=LINE('',#306,#2081);
#2079=LINE('',#308,#2082);
#2080=VECTOR('',#2083,1.0);
#2081=VECTOR('',#2084,1.0);
#2082=VECTOR('',#2085,1.0);
#2083=DIRECTION('',(-0.9383392333984375,0.3457159698009491,0.0000000000000000));
#2084=DIRECTION('',(0.9255028963088989,-0.3787405192852020,0.0000000000000000));
#2085=DIRECTION('',(0.4534022808074951,0.8913059234619141,0.0000000000000000));
#2086=STYLED_ITEM('',(#2087),#2094);
#2087=PRESENTATION_STYLE_ASSIGNMENT((#2088));
#2088=SURFACE_STYLE_USAGE(.BOTH.,#2089);
#2089=SURFACE_SIDE_STYLE('',(#2090));
#2090=SURFACE_STYLE_FILL_AREA(#2091);
#2091=FILL_AREA_STYLE('',(#2092));
#2092=FILL_AREA_STYLE_COLOUR('',#2093);
#2093=COLOUR_RGB('',0.8000000119209290,0.8000000119209290,0.8000000119209290);
#2094=FACE_SURFACE('',(#2099),#2095,.T.);
#2095=PLANE('',#2096);
#2096=AXIS2_PLACEMENT_3D('',#310, #2097,#2098);
#2097=DIRECTION('',(-0.9488524198532104,0.3157199919223785,0.0000000000000000));
#2098=DIRECTION('',(-0.7071076631546021,-0.7071059346199036,0.0000000000000000));
#2099=FACE_BOUND('',#2100,.T.);
#2100=EDGE_LOOP('',(#2101,#2102,#2103));
#2101=ORIENTED_EDGE('',*,*,#2104,.T.);
#2102=ORIENTED_EDGE('',*,*,#2105,.T.);
#2103=ORIENTED_EDGE('',*,*,#2106,.T.);
#2104=EDGE_CURVE('',#311,#313,#2107,.F.);
#2105=EDGE_CURVE('',#313,#315,#2108,.T.);
#2106=EDGE_CURVE('',#315,#311,#2109,.T.);
#2107=LINE('',#310,#2110);
#2108=LINE('',#312,#2111);
#2109=LINE('',#314,#2112);
#2110=VECTOR('',#2113,1.0);
#2111=VECTOR('',#2114,1.0);
#2112=VECTOR('',#2115,1.0);
#2113=DIRECTION('',(-0.9488524198532104,0.3157199919223785,0.0000000000000000));
#2114=DIRECTION('',(0.9383392333984375,-0.3457159698009491,0.0000000000000000));
#2115=DIRECTION('',(0.7071076631546021,0.7071059346199036,0.0000000000000000));
#2116=STYLED_ITEM('',(#2117),#2124);
#2117=PRESENTATION_STYLE_ASSIGNMENT((#2118));
#2118=SURFACE_STYLE_USAGE(.BOTH.,#2119);
#2119=SURFACE_SIDE_STYLE('',(#2120));
#2120=SURFACE_STYLE_FILL_AREA(#2121);
#2121=FILL_AREA_STYLE('',(#2122));
#2122=FILL_AREA_STYLE_COLOUR('',#2123);
#2123=COLOUR_RGB('',0.8000000119209290,0.8000000119209290,0.8000000119209290);
#2124=FACE_SURFACE('',(#2129),#2125,.T.);
#2125=PLANE('',#2126);
#2126=AXIS2_PLACEMENT_3D('',#316, #2127,#2128);
#2127=DIRECTION('',(0.8913049101829529,0.4534043669700623,0.0000000000000000));
#2128=DIRECTION('',(-0.9488524198532104,0.3157199919223785,0.0000000000000000));
#2129=FACE_BOUND('',#2130,.T.);
#2130=EDGE_LOOP('',(#2131,#2132,#2133));
#2131=ORIENTED_EDGE('',*,*,#2134,.T.);
#2132=ORIENTED_EDGE('',*,*,#2135,.T.);
#2133=ORIENTED_EDGE('',*,*,#2136,.T.);
#2134=EDGE_CURVE('',#317,#319,#2137,.F.);
#2135=EDGE_CURVE('',#319,#321,#2138,.T.);
#2136=EDGE_CURVE('',#321,#317,#2139,.T.);
#2137=LINE('',#316,#2140);
#2138=LINE('',#318,#2141);
#2139=LINE('',#320,#2142);
#2140=VECTOR('',#2143,1.0);
#2141=VECTOR('',#2144,1.0);
#2142=VECTOR('',#2145,1.0);
#2143=DIRECTION('',(0.8913049101829529,0.4534043669700623,0.0000000000000000));
#2144=DIRECTION('',(-0.9562460184097290,0.2925637066364288,0.0000000000000000));
#2145=DIRECTION('',(0.9488524198532104,-0.3157199919223785,0.0000000000000000));
#2146=STYLED_ITEM('',(#2147),#2154);
#2147=PRESENTATION_STYLE_ASSIGNMENT((#2148));
#2148=SURFACE_STYLE_USAGE(.BOTH.,#2149);
#2149=SURFACE_SIDE_STYLE('',(#2150));
#2150=SURFACE_STYLE_FILL_AREA(#2151);
#2151=FILL_AREA_STYLE('',(#2152));
#2152=FILL_AREA_STYLE_COLOUR('',#2153);
#2153=COLOUR_RGB('',0.8000000119209290,0.8000000119209290,0.8000000119209290);
#2154=FACE_SURFACE('',(#2159),#2155,.T.);
#2155=PLANE('',#2156);
#2156=AXIS2_PLACEMENT_3D('',#322, #2157,#2158);
#2157=DIRECTION('',(0.7019867300987244,0.7121900320053101,0.0000000000000000));
#2158=DIRECTION('',(-0.7071041464805603,0.7071093916893005,0.0000000000000000));
#2159=FACE_BOUND('',#2160,.T.);
#2160=EDGE_LOOP('',(#2161,#2162,#2163));
#2161=ORIENTED_EDGE('',*,*,#2164,.T.);
#2162=ORIENTED_EDGE('',*,*,#2165,.T.);
#2163=ORIENTED_EDGE('',*,*,#2166,.T.);
#2164=EDGE_CURVE('',#323,#325,#2167,.F.);
#2165=EDGE_CURVE('',#325,#327,#2168,.T.);
#2166=EDGE_CURVE('',#327,#323,#2169,.T.);
#2167=LINE('',#322,#2170);
#2168=LINE('',#324,#2171);
#2169=LINE('',#326,#2172);
#2170=VECTOR('',#2173,1.0);
#2171=VECTOR('',#2174,1.0);
#2172=VECTOR('',#2175,1.0);
#2173=DIRECTION('',(0.7019867300987244,0.7121900320053101,0.0000000000000000));
#2174=DIRECTION('',(-0.7095679044723511,-0.7046370506286621,0.0000000000000000));
#2175=DIRECTION('',(0.7071041464805603,-0.7071093916893005,0.0000000000000000));
#2176=STYLED_ITEM('',(#2177),#2184);
#2177=PRESENTATION_STYLE_ASSIGNMENT((#2178));
#2178=SURFACE_STYLE_USAGE(.BOTH.,#2179);
#2179=SURFACE_SIDE_STYLE('',(#2180));
#2180=SURFACE_STYLE_FILL_AREA(#2181);
#2181=FILL_AREA_STYLE('',(#2182));
#2182=FILL_AREA_STYLE_COLOUR('',#2183);
#2183=COLOUR_RGB('',0.8000000119209290,0.8000000119209290,0.8000000119209290);
#2184=FACE_SURFACE('',(#2189),#2185,.T.);
#2185=PLANE('',#2186);
#2186=AXIS2_PLACEMENT_3D('',#328, #2187,#2188);
#2187=DIRECTION('',(0.9168211817741394,-0.3992980420589447,0.0000000000000000));
#2188=DIRECTION('',(1.0000000000000000,0.0000000000000000,0.0000000000000000));
#2189=FACE_BOUND('',#2190,.T.);
#2190=EDGE_LOOP('',(#2191,#2192,#2193));
#2191=ORIENTED_EDGE('',*,*,#2194,.T.);
#2192=ORIENTED_EDGE('',*,*,#2195,.T.);
#2193=ORIENTED_EDGE('',*,*,#2196,.T.);
#2194=EDGE_CURVE('',#329,#331,#2197,.F.);
#2195=EDGE_CURVE('',#331,#333,#2198,.T.);
#2196=EDGE_CURVE('',#333,#329,#2199,.T.);
#2197=LINE('',#328,#2200);
#2198=LINE('',#330,#2201);
#2199=LINE('',#332,#2202);
#2200=VECTOR('',#2203,1.0);
#2201=VECTOR('',#2204,1.0);
#2202=VECTOR('',#2205,1.0);
#2203=DIRECTION('',(0.9168211817741394,-0.3992980420589447,0.0000000000000000));
#2204=DIRECTION('',(0.8642589449882507,0.5030471682548523,0.0000000000000000));
#2205=DIRECTION('',(-1.0000000000000000,0.0000000000000000,0.0000000000000000));
#2206=STYLED_ITEM('',(#2207),#2214);
#2207=PRESENTATION_STYLE_ASSIGNMENT((#2208));
#2208=SURFACE_STYLE_USAGE(.BOTH.,#2209);
#2209=SURFACE_SIDE_STYLE('',(#2210));
#2210=SURFACE_STYLE_FILL_AREA(#2211);
#2211=FILL_AREA_STYLE('',(#2212));
#2212=FILL_AREA_STYLE_COLOUR('',#2213);
#2213=COLOUR_RGB('',0.8000000119209290,0.8000000119209290,0.8000000119209290);
#2214=FACE_SURFACE('',(#2219),#2215,.T.);
#2215=PLANE('',#2216);
#2216=AXIS2_PLACEMENT_3D('',#334, #2217,#2218);
#2217=DIRECTION('',(0.7225639224052429,0.6913040876388550,0.0000000000000000));
#2218=DIRECTION('',(-0.9875993132591248,-0.1569954156875610,0.0000000000000000));
#2219=FACE_BOUND('',#2220,.T.);
#2220=EDGE_LOOP('',(#2221,#2222,#2223));
#2221=ORIENTED_EDGE('',*,*,#2224,.T.);
#2222=ORIENTED_EDGE('',*,*,#2225,.T.);
#2223=ORIENTED_EDGE('',*,*,#2226,.T.);
#2224=EDGE_CURVE('',#335,#337,#2227,.F.);
#2225=EDGE_CURVE('',#337,#339,#2228,.T.);
#2226=EDGE_CURVE('',#339,#335,#2229,.T.);
#2227=LINE('',#334,#2230);
#2228=LINE('',#336,#2231);
#2229=LINE('',#338,#2232);
#2230=VECTOR('',#2233,1.0);
#2231=VECTOR('',#2234,1.0);
#2232=VECTOR('',#2235,1.0);
#2233=DIRECTION('',(0.7225639224052429,0.6913040876388550,0.0000000000000000));
#2234=DIRECTION('',(-0.7266839742660522,-0.6869719028472900,0.0000000000000000));
#2235=DIRECTION('',(0.9875993132591248,0.1569954156875610,0.0000000000000000));
#2236=STYLED_ITEM('',(#2237),#2244);
#2237=PRESENTATION_STYLE_ASSIGNMENT((#2238));
#2238=SURFACE_STYLE_USAGE(.BOTH.,#2239);
#2239=SURFACE_SIDE_STYLE('',(#2240));
#2240=SURFACE_STYLE_FILL_AREA(#2241);
#2241=FILL_AREA_STYLE('',(#2242));
#2242=FILL_AREA_STYLE_COLOUR('',#2243);
#2243=COLOUR_RGB('',0.8000000119209290,0.8000000119209290,0.8000000119209290);
#2244=FACE_SURFACE('',(#2249),#2245,.T.);
#2245=PLANE('',#2246);
#2246=AXIS2_PLACEMENT_3D('',#340, #2247,#2248);
#2247=DIRECTION('',(0.9562460184097290,-0.2925637066364288,0.0000000000000000));
#2248=DIRECTION('',(0.8632315993309021,0.5048081278800964,0.0000000000000000));
#2249=FACE_BOUND('',#2250,.T.);
#2250=EDGE_LOOP('',(#2251,#2252,#2253));
#2251=ORIENTED_EDGE('',*,*,#2254,.T.);
#2252=ORIENTED_EDGE('',*,*,#2255,.T.);
#2253=ORIENTED_EDGE('',*,*,#2256,.T.);
#2254=EDGE_CURVE('',#341,#343,#2257,.F.);
#2255=EDGE_CURVE('',#343,#345,#2258,.T.);
#2256=EDGE_CURVE('',#345,#341,#2259,.T.);
#2257=LINE('',#340,#2260);
#2258=LINE('',#342,#2261);
#2259=LINE('',#344,#2262);
#2260=VECTOR('',#2263,1.0);
#2261=VECTOR('',#2264,1.0);
#2262=VECTOR('',#2265,1.0);
#2263=DIRECTION('',(0.9562460184097290,-0.2925637066364288,0.0000000000000000));
#2264=DIRECTION('',(0.7266839742660522,0.6869719028472900,0.0000000000000000));
#2265=DIRECTION('',(-0.8632315993309021,-0.5048081278800964,0.0000000000000000));
#2266=STYLED_ITEM('',(#2267),#2274);
#2267=PRESENTATION_STYLE_ASSIGNMENT((#2268));
#2268=SURFACE_STYLE_USAGE(.BOTH.,#2269);
#2269=SURFACE_SIDE_STYLE('',(#2270));
#2270=SURFACE_STYLE_FILL_AREA(#2271);
#2271=FILL_AREA_STYLE('',(#2272));
#2272=FILL_AREA_STYLE_COLOUR('',#2273);
#2273=COLOUR_RGB('',0.8000000119209290,0.8000000119209290,0.8000000119209290);
#2274=FACE_SURFACE('',(#2279),#2275,.T.);
#2275=PLANE('',#2276);
#2276=AXIS2_PLACEMENT_3D('',#346, #2277,#2278);
#2277=DIRECTION('',(0.9875994920730591,-0.1569943428039551,0.0000000000000000));
#2278=DIRECTION('',(0.7225639224052429,0.6913040876388550,0.0000000000000000));
#2279=FACE_BOUND('',#2280,.T.);
#2280=EDGE_LOOP('',(#2281,#2282,#2283));
#2281=ORIENTED_EDGE('',*,*,#2284,.T.);
#2282=ORIENTED_EDGE('',*,*,#2285,.T.);
#2283=ORIENTED_EDGE('',*,*,#2286,.T.);
#2284=EDGE_CURVE('',#347,#349,#2287,.F.);
#2285=EDGE_CURVE('',#349,#351,#2288,.T.);
#2286=EDGE_CURVE('',#351,#347,#2289,.T.);
#2287=LINE('',#346,#2290);
#2288=LINE('',#348,#2291);
#2289=LINE('',#350,#2292);
#2290=VECTOR('',#2293,1.0);
#2291=VECTOR('',#2294,1.0);
#2292=VECTOR('',#2295,1.0);
#2293=DIRECTION('',(0.9875994920730591,-0.1569943428039551,0.0000000000000000));
#2294=DIRECTION('',(0.7166700363159180,0.6974123120307922,0.0000000000000000));
#2295=DIRECTION('',(-0.7225639224052429,-0.6913040876388550,0.0000000000000000));
#2296=STYLED_ITEM('',(#2297),#2304);
#2297=PRESENTATION_STYLE_ASSIGNMENT((#2298));
#2298=SURFACE_STYLE_USAGE(.BOTH.,#2299);
#2299=SURFACE_SIDE_STYLE('',(#2300));
#2300=SURFACE_STYLE_FILL_AREA(#2301);
#2301=FILL_AREA_STYLE('',(#2302));
#2302=FILL_AREA_STYLE_COLOUR('',#2303);
#2303=COLOUR_RGB('',0.8000000119209290,0.8000000119209290,0.8000000119209290);
#2304=FACE_SURFACE('',(#2309),#2305,.T.);
#2305=PLANE('',#2306);
#2306=AXIS2_PLACEMENT_3D('',#352, #2307,#2308);
#2307=DIRECTION('',(0.8913049101829529,-0.4534043669700623,0.0000000000000000));
#2308=DIRECTION('',(0.7166700363159180,0.6974123120307922,0.0000000000000000));
#2309=FACE_BOUND('',#2310,.T.);
#2310=EDGE_LOOP('',(#2311,#2312,#2313));
#2311=ORIENTED_EDGE('',*,*,#2314,.T.);
#2312=ORIENTED_EDGE('',*,*,#2315,.T.);
#2313=ORIENTED_EDGE('',*,*,#2316,.T.);
#2314=EDGE_CURVE('',#353,#355,#2317,.F.);
#2315=EDGE_CURVE('',#355,#357,#2318,.T.);
#2316=EDGE_CURVE('',#357,#353,#2319,.T.);
#2317=LINE('',#352,#2320);
#2318=LINE('',#354,#2321);
#2319=LINE('',#356,#2322);
#2320=VECTOR('',#2323,1.0);
#2321=VECTOR('',#2324,1.0);
#2322=VECTOR('',#2325,1.0);
#2323=DIRECTION('',(0.8913049101829529,-0.4534043669700623,0.0000000000000000));
#2324=DIRECTION('',(0.7095679044723511,0.7046370506286621,0.0000000000000000));
#2325=DIRECTION('',(-0.7166700363159180,-0.6974123120307922,0.0000000000000000));
#2326=STYLED_ITEM('',(#2327),#2334);
#2327=PRESENTATION_STYLE_ASSIGNMENT((#2328));
#2328=SURFACE_STYLE_USAGE(.BOTH.,#2329);
#2329=SURFACE_SIDE_STYLE('',(#2330));
#2330=SURFACE_STYLE_FILL_AREA(#2331);
#2331=FILL_AREA_STYLE('',(#2332));
#2332=FILL_AREA_STYLE_COLOUR('',#2333);
#2333=COLOUR_RGB('',0.8000000119209290,0.8000000119209290,0.8000000119209290);
#2334=FACE_SURFACE('',(#2339),#2335,.T.);
#2335=PLANE('',#2336);
#2336=AXIS2_PLACEMENT_3D('',#358, #2337,#2338);
#2337=DIRECTION('',(0.6947450637817383,-0.7192561030387878,0.0000000000000000));
#2338=DIRECTION('',(0.1569977402687073,0.9875989556312561,0.0000000000000000));
#2339=FACE_BOUND('',#2340,.T.);
#2340=EDGE_LOOP('',(#2341,#2342,#2343));
#2341=ORIENTED_EDGE('',*,*,#2344,.T.);
#2342=ORIENTED_EDGE('',*,*,#2345,.T.);
#2343=ORIENTED_EDGE('',*,*,#2346,.T.);
#2344=EDGE_CURVE('',#359,#361,#2347,.F.);
#2345=EDGE_CURVE('',#361,#363,#2348,.T.);
#2346=EDGE_CURVE('',#363,#359,#2349,.T.);
#2347=LINE('',#358,#2350);
#2348=LINE('',#360,#2351);
#2349=LINE('',#362,#2352);
#2350=VECTOR('',#2353,1.0);
#2351=VECTOR('',#2354,1.0);
#2352=VECTOR('',#2355,1.0);
#2353=DIRECTION('',(0.6947450637817383,-0.7192561030387878,0.0000000000000000));
#2354=DIRECTION('',(-0.6886325478553772,0.7251104712486267,0.0000000000000000));
#2355=DIRECTION('',(-0.1569977402687073,-0.9875989556312561,0.0000000000000000));
#2356=STYLED_ITEM('',(#2357),#2364);
#2357=PRESENTATION_STYLE_ASSIGNMENT((#2358));
#2358=SURFACE_STYLE_USAGE(.BOTH.,#2359);
#2359=SURFACE_SIDE_STYLE('',(#2360));
#2360=SURFACE_STYLE_FILL_AREA(#2361);
#2361=FILL_AREA_STYLE('',(#2362));
#2362=FILL_AREA_STYLE_COLOUR('',#2363);
#2363=COLOUR_RGB('',0.8000000119209290,0.8000000119209290,0.8000000119209290);
#2364=FACE_SURFACE('',(#2369),#2365,.T.);
#2365=PLANE('',#2366);
#2366=AXIS2_PLACEMENT_3D('',#364, #2367,#2368);
#2367=DIRECTION('',(-0.1561077833175659,0.9877400994300842,0.0000000000000000));
#2368=DIRECTION('',(-0.9255028963088989,-0.3787404894828796,0.0000000000000000));
#2369=FACE_BOUND('',#2370,.T.);
#2370=EDGE_LOOP('',(#2371,#2372,#2373));
#2371=ORIENTED_EDGE('',*,*,#2374,.T.);
#2372=ORIENTED_EDGE('',*,*,#2375,.T.);
#2373=ORIENTED_EDGE('',*,*,#2376,.T.);
#2374=EDGE_CURVE('',#365,#367,#2377,.F.);
#2375=EDGE_CURVE('',#367,#369,#2378,.T.);
#2376=EDGE_CURVE('',#369,#365,#2379,.T.);
#2377=LINE('',#364,#2380);
#2378=LINE('',#366,#2381);
#2379=LINE('',#368,#2382);
#2380=VECTOR('',#2383,1.0);
#2381=VECTOR('',#2384,1.0);
#2382=VECTOR('',#2385,1.0);
#2383=DIRECTION('',(-0.1561077833175659,0.9877400994300842,0.0000000000000000));
#2384=DIRECTION('',(-0.9119287133216858,-0.4103486239910126,0.0000000000000000));
#2385=DIRECTION('',(0.9255028963088989,0.3787404894828796,0.0000000000000000));
#2386=STYLED_ITEM('',(#2387),#2394);
#2387=PRESENTATION_STYLE_ASSIGNMENT((#2388));
#2388=SURFACE_STYLE_USAGE(.BOTH.,#2389);
#2389=SURFACE_SIDE_STYLE('',(#2390));
#2390=SURFACE_STYLE_FILL_AREA(#2391);
#2391=FILL_AREA_STYLE('',(#2392));
#2392=FILL_AREA_STYLE_COLOUR('',#2393);
#2393=COLOUR_RGB('',0.8000000119209290,0.8000000119209290,0.8000000119209290);
#2394=FACE_SURFACE('',(#2399),#2395,.T.);
#2395=PLANE('',#2396);
#2396=AXIS2_PLACEMENT_3D('',#370, #2397,#2398);
#2397=DIRECTION('',(-0.9877404570579529,0.1561054587364197,0.0000000000000000));
#2398=DIRECTION('',(0.7225591540336609,-0.6913091540336609,0.0000000000000000));
#2399=FACE_BOUND('',#2400,.T.);
#2400=EDGE_LOOP('',(#2401,#2402,#2403));
#2401=ORIENTED_EDGE('',*,*,#2404,.T.);
#2402=ORIENTED_EDGE('',*,*,#2405,.T.);
#2403=ORIENTED_EDGE('',*,*,#2406,.T.);
#2404=EDGE_CURVE('',#371,#373,#2407,.F.);
#2405=EDGE_CURVE('',#373,#375,#2408,.T.);
#2406=EDGE_CURVE('',#375,#371,#2409,.T.);
#2407=LINE('',#370,#2410);
#2408=LINE('',#372,#2411);
#2409=LINE('',#374,#2412);
#2410=VECTOR('',#2413,1.0);
#2411=VECTOR('',#2414,1.0);
#2412=VECTOR('',#2415,1.0);
#2413=DIRECTION('',(-0.9877404570579529,0.1561054587364197,0.0000000000000000));
#2414=DIRECTION('',(0.7266839742660522,-0.6869719028472900,0.0000000000000000));
#2415=DIRECTION('',(-0.7225591540336609,0.6913091540336609,0.0000000000000000));
#2416=STYLED_ITEM('',(#2417),#2424);
#2417=PRESENTATION_STYLE_ASSIGNMENT((#2418));
#2418=SURFACE_STYLE_USAGE(.BOTH.,#2419);
#2419=SURFACE_SIDE_STYLE('',(#2420));
#2420=SURFACE_STYLE_FILL_AREA(#2421);
#2421=FILL_AREA_STYLE('',(#2422));
#2422=FILL_AREA_STYLE_COLOUR('',#2423);
#2423=COLOUR_RGB('',0.8000000119209290,0.8000000119209290,0.8000000119209290);
#2424=FACE_SURFACE('',(#2429),#2425,.T.);
#2425=PLANE('',#2426);
#2426=AXIS2_PLACEMENT_3D('',#376, #2427,#2428);
#2427=DIRECTION('',(-1.0000000000000000,0.0000000000000000,0.0000000000000000));
#2428=DIRECTION('',(0.8632315993309021,-0.5048081278800964,0.0000000000000000));
#2429=FACE_BOUND('',#2430,.T.);
#2430=EDGE_LOOP('',(#2431,#2432,#2433));
#2431=ORIENTED_EDGE('',*,*,#2434,.T.);
#2432=ORIENTED_EDGE('',*,*,#2435,.T.);
#2433=ORIENTED_EDGE('',*,*,#2436,.T.);
#2434=EDGE_CURVE('',#377,#379,#2437,.F.);
#2435=EDGE_CURVE('',#379,#381,#2438,.T.);
#2436=EDGE_CURVE('',#381,#377,#2439,.T.);
#2437=LINE('',#376,#2440);
#2438=LINE('',#378,#2441);
#2439=LINE('',#380,#2442);
#2440=VECTOR('',#2443,1.0);
#2441=VECTOR('',#2444,1.0);
#2442=VECTOR('',#2445,1.0);
#2443=DIRECTION('',(-1.0000000000000000,0.0000000000000000,0.0000000000000000));
#2444=DIRECTION('',(0.8642589449882507,-0.5030471682548523,0.0000000000000000));
#2445=DIRECTION('',(-0.8632315993309021,0.5048081278800964,0.0000000000000000));
#2446=STYLED_ITEM('',(#2447),#2454);
#2447=PRESENTATION_STYLE_ASSIGNMENT((#2448));
#2448=SURFACE_STYLE_USAGE(.BOTH.,#2449);
#2449=SURFACE_SIDE_STYLE('',(#2450));
#2450=SURFACE_STYLE_FILL_AREA(#2451);
#2451=FILL_AREA_STYLE('',(#2452));
#2452=FILL_AREA_STYLE_COLOUR('',#2453);
#2453=COLOUR_RGB('',0.8000000119209290,0.8000000119209290,0.8000000119209290);
#2454=FACE_SURFACE('',(#2459),#2455,.T.);
#2455=PLANE('',#2456);
#2456=AXIS2_PLACEMENT_3D('',#382, #2457,#2458);
#2457=DIRECTION('',(1.0000000000000000,0.0000000000000000,0.0000000000000000));
#2458=DIRECTION('',(0.8715906739234924,0.4902343451976776,0.0000000000000000));
#2459=FACE_BOUND('',#2460,.T.);
#2460=EDGE_LOOP('',(#2461,#2462,#2463));
#2461=ORIENTED_EDGE('',*,*,#2464,.T.);
#2462=ORIENTED_EDGE('',*,*,#2465,.T.);
#2463=ORIENTED_EDGE('',*,*,#2466,.T.);
#2464=EDGE_CURVE('',#383,#385,#2467,.F.);
#2465=EDGE_CURVE('',#385,#387,#2468,.T.);
#2466=EDGE_CURVE('',#387,#383,#2469,.T.);
#2467=LINE('',#382,#2470);
#2468=LINE('',#384,#2471);
#2469=LINE('',#386,#2472);
#2470=VECTOR('',#2473,1.0);
#2471=VECTOR('',#2474,1.0);
#2472=VECTOR('',#2475,1.0);
#2473=DIRECTION('',(1.0000000000000000,0.0000000000000000,0.0000000000000000));
#2474=DIRECTION('',(-0.8642589449882507,0.5030471682548523,0.0000000000000000));
#2475=DIRECTION('',(-0.8715906739234924,-0.4902343451976776,0.0000000000000000));
#2476=STYLED_ITEM('',(#2477),#2484);
#2477=PRESENTATION_STYLE_ASSIGNMENT((#2478));
#2478=SURFACE_STYLE_USAGE(.BOTH.,#2479);
#2479=SURFACE_SIDE_STYLE('',(#2480));
#2480=SURFACE_STYLE_FILL_AREA(#2481);
#2481=FILL_AREA_STYLE('',(#2482));
#2482=FILL_AREA_STYLE_COLOUR('',#2483);
#2483=COLOUR_RGB('',0.8000000119209290,0.8000000119209290,0.8000000119209290);
#2484=FACE_SURFACE('',(#2489),#2485,.T.);
#2485=PLANE('',#2486);
#2486=AXIS2_PLACEMENT_3D('',#388, #2487,#2488);
#2487=DIRECTION('',(0.0000000000000000,0.0000000000000000,1.0000000000000000));
#2488=DIRECTION('',(0.0000000000000000,-1.0000000000000000,0.0000000000000000));
#2489=FACE_BOUND('',#2490,.T.);
#2490=EDGE_LOOP('',(#2491,#2492,#2493));
#2491=ORIENTED_EDGE('',*,*,#2494,.T.);
#2492=ORIENTED_EDGE('',*,*,#2495,.T.);
#2493=ORIENTED_EDGE('',*,*,#2496,.T.);
#2494=EDGE_CURVE('',#389,#391,#2497,.F.);
#2495=EDGE_CURVE('',#391,#393,#2498,.T.);
#2496=EDGE_CURVE('',#393,#389,#2499,.T.);
#2497=LINE('',#388,#2500);
#2498=LINE('',#390,#2501);
#2499=LINE('',#392,#2502);
#2500=VECTOR('',#2503,1.0);
#2501=VECTOR('',#2504,1.0);
#2502=VECTOR('',#2505,1.0);
#2503=DIRECTION('',(0.0000000000000000,0.0000000000000000,1.0000000000000000));
#2504=DIRECTION('',(0.0000000000000000,-0.9999943971633911,-0.0033333147875965));
#2505=DIRECTION('',(0.0000000000000000,1.0000000000000000,0.0000000000000000));
#2506=STYLED_ITEM('',(#2507),#2514);
#2507=PRESENTATION_STYLE_ASSIGNMENT((#2508));
#2508=SURFACE_STYLE_USAGE(.BOTH.,#2509);
#2509=SURFACE_SIDE_STYLE('',(#2510));
#2510=SURFACE_STYLE_FILL_AREA(#2511);
#2511=FILL_AREA_STYLE('',(#2512));
#2512=FILL_AREA_STYLE_COLOUR('',#2513);
#2513=COLOUR_RGB('',0.8000000119209290,0.8000000119209290,0.8000000119209290);
#2514=FACE_SURFACE('',(#2519),#2515,.T.);
#2515=PLANE('',#2516);
#2516=AXIS2_PLACEMENT_3D('',#394, #2517,#2518);
#2517=DIRECTION('',(0.0000000000000000,0.0000000000000000,-1.0000000000000000));
#2518=DIRECTION('',(0.0000000000000000,1.0000000000000000,0.0000000000000000));
#2519=FACE_BOUND('',#2520,.T.);
#2520=EDGE_LOOP('',(#2521,#2522,#2523));
#2521=ORIENTED_EDGE('',*,*,#2524,.T.);
#2522=ORIENTED_EDGE('',*,*,#2525,.T.);
#2523=ORIENTED_EDGE('',*,*,#2526,.T.);
#2524=EDGE_CURVE('',#395,#397,#2527,.F.);
#2525=EDGE_CURVE('',#397,#399,#2528,.T.);
#2526=EDGE_CURVE('',#399,#395,#2529,.T.);
#2527=LINE('',#394,#2530);
#2528=LINE('',#396,#2531);
#2529=LINE('',#398,#2532);
#2530=VECTOR('',#2533,1.0);
#2531=VECTOR('',#2534,1.0);
#2532=VECTOR('',#2535,1.0);
#2533=DIRECTION('',(0.0000000000000000,0.0000000000000000,-1.0000000000000000));
#2534=DIRECTION('',(0.0000000000000000,0.9999943971633911,0.0033333147875965));
#2535=DIRECTION('',(0.0000000000000000,-1.0000000000000000,0.0000000000000000));
#2536=STYLED_ITEM('',(#2537),#2544);
#2537=PRESENTATION_STYLE_ASSIGNMENT((#2538));
#2538=SURFACE_STYLE_USAGE(.BOTH.,#2539);
#2539=SURFACE_SIDE_STYLE('',(#2540));
#2540=SURFACE_STYLE_FILL_AREA(#2541);
#2541=FILL_AREA_STYLE('',(#2542));
#2542=FILL_AREA_STYLE_COLOUR('',#2543);
#2543=COLOUR_RGB('',0.8000000119209290,0.8000000119209290,0.8000000119209290);
#2544=FACE_SURFACE('',(#2549),#2545,.T.);
#2545=PLANE('',#2546);
#2546=AXIS2_PLACEMENT_3D('',#400, #2547,#2548);
#2547=DIRECTION('',(0.0000000000000000,0.0000000000000000,-1.0000000000000000));
#2548=DIRECTION('',(0.0000000000000000,-0.9999918937683105,-0.0040141618810594));
#2549=FACE_BOUND('',#2550,.T.);
#2550=EDGE_LOOP('',(#2551,#2552,#2553));
#2551=ORIENTED_EDGE('',*,*,#2554,.T.);
#2552=ORIENTED_EDGE('',*,*,#2555,.T.);
#2553=ORIENTED_EDGE('',*,*,#2556,.T.);
#2554=EDGE_CURVE('',#401,#403,#2557,.F.);
#2555=EDGE_CURVE('',#403,#405,#2558,.T.);
#2556=EDGE_CURVE('',#405,#401,#2559,.T.);
#2557=LINE('',#400,#2560);
#2558=LINE('',#402,#2561);
#2559=LINE('',#404,#2562);
#2560=VECTOR('',#2563,1.0);
#2561=VECTOR('',#2564,1.0);
#2562=VECTOR('',#2565,1.0);
#2563=DIRECTION('',(0.0000000000000000,0.0000000000000000,-1.0000000000000000));
#2564=DIRECTION('',(0.0000000000000000,-1.0000000000000000,0.0000000000000000));
#2565=DIRECTION('',(0.0000000000000000,0.9999918937683105,0.0040141618810594));
#2566=STYLED_ITEM('',(#2567),#2574);
#2567=PRESENTATION_STYLE_ASSIGNMENT((#2568));
#2568=SURFACE_STYLE_USAGE(.BOTH.,#2569);
#2569=SURFACE_SIDE_STYLE('',(#2570));
#2570=SURFACE_STYLE_FILL_AREA(#2571);
#2571=FILL_AREA_STYLE('',(#2572));
#2572=FILL_AREA_STYLE_COLOUR('',#2573);
#2573=COLOUR_RGB('',0.8000000119209290,0.8000000119209290,0.8000000119209290);
#2574=FACE_SURFACE('',(#2579),#2575,.T.);
#2575=PLANE('',#2576);
#2576=AXIS2_PLACEMENT_3D('',#406, #2577,#2578);
#2577=DIRECTION('',(0.0000000000000000,1.0000000000000000,0.0000000000000000));
#2578=DIRECTION('',(0.0000000000000000,0.0000000000000000,-1.0000000000000000));
#2579=FACE_BOUND('',#2580,.T.);
#2580=EDGE_LOOP('',(#2581,#2582,#2583));
#2581=ORIENTED_EDGE('',*,*,#2584,.T.);
#2582=ORIENTED_EDGE('',*,*,#2585,.T.);
#2583=ORIENTED_EDGE('',*,*,#2586,.T.);
#2584=EDGE_CURVE('',#407,#409,#2587,.F.);
#2585=EDGE_CURVE('',#409,#411,#2588,.T.);
#2586=EDGE_CURVE('',#411,#407,#2589,.T.);
#2587=LINE('',#406,#2590);
#2588=LINE('',#408,#2591);
#2589=LINE('',#410,#2592);
#2590=VECTOR('',#2593,1.0);
#2591=VECTOR('',#2594,1.0);
#2592=VECTOR('',#2595,1.0);
#2593=DIRECTION('',(0.0000000000000000,1.0000000000000000,0.0000000000000000));
#2594=DIRECTION('',(0.0000000000000000,-0.9999918937683105,-0.0040141618810594));
#2595=DIRECTION('',(0.0000000000000000,0.0000000000000000,1.0000000000000000));
#2596=STYLED_ITEM('',(#2597),#2604);
#2597=PRESENTATION_STYLE_ASSIGNMENT((#2598));
#2598=SURFACE_STYLE_USAGE(.BOTH.,#2599);
#2599=SURFACE_SIDE_STYLE('',(#2600));
#2600=SURFACE_STYLE_FILL_AREA(#2601);
#2601=FILL_AREA_STYLE('',(#2602));
#2602=FILL_AREA_STYLE_COLOUR('',#2603);
#2603=COLOUR_RGB('',0.8000000119209290,0.8000000119209290,0.8000000119209290);
#2604=FACE_SURFACE('',(#2609),#2605,.T.);
#2605=PLANE('',#2606);
#2606=AXIS2_PLACEMENT_3D('',#412, #2607,#2608);
#2607=DIRECTION('',(0.0000000000000000,0.0000000000000000,1.0000000000000000));
#2608=DIRECTION('',(1.0000000000000000,0.0000000000000000,0.0000000000000000));
#2609=FACE_BOUND('',#2610,.T.);
#2610=EDGE_LOOP('',(#2611,#2612,#2613));
#2611=ORIENTED_EDGE('',*,*,#2614,.T.);
#2612=ORIENTED_EDGE('',*,*,#2615,.T.);
#2613=ORIENTED_EDGE('',*,*,#2616,.T.);
#2614=EDGE_CURVE('',#413,#415,#2617,.F.);
#2615=EDGE_CURVE('',#415,#417,#2618,.T.);
#2616=EDGE_CURVE('',#417,#413,#2619,.T.);
#2617=LINE('',#412,#2620);
#2618=LINE('',#414,#2621);
#2619=LINE('',#416,#2622);
#2620=VECTOR('',#2623,1.0);
#2621=VECTOR('',#2624,1.0);
#2622=VECTOR('',#2625,1.0);
#2623=DIRECTION('',(0.0000000000000000,0.0000000000000000,1.0000000000000000));
#2624=DIRECTION('',(0.9950372576713562,0.0000000000000000,-0.0995022058486938));
#2625=DIRECTION('',(-1.0000000000000000,0.0000000000000000,0.0000000000000000));
#2626=STYLED_ITEM('',(#2627),#2634);
#2627=PRESENTATION_STYLE_ASSIGNMENT((#2628));
#2628=SURFACE_STYLE_USAGE(.BOTH.,#2629);
#2629=SURFACE_SIDE_STYLE('',(#2630));
#2630=SURFACE_STYLE_FILL_AREA(#2631);
#2631=FILL_AREA_STYLE('',(#2632));
#2632=FILL_AREA_STYLE_COLOUR('',#2633);
#2633=COLOUR_RGB('',0.8000000119209290,0.8000000119209290,0.8000000119209290);
#2634=FACE_SURFACE('',(#2639),#2635,.T.);
#2635=PLANE('',#2636);
#2636=AXIS2_PLACEMENT_3D('',#418, #2637,#2638);
#2637=DIRECTION('',(-0.9999987483024597,0.0000000000000000,-0.0015737859066576));
#2638=DIRECTION('',(-1.0000000000000000,0.0000000000000000,0.0000000000000000));
#2639=FACE_BOUND('',#2640,.T.);
#2640=EDGE_LOOP('',(#2641,#2642,#2643));
#2641=ORIENTED_EDGE('',*,*,#2644,.T.);
#2642=ORIENTED_EDGE('',*,*,#2645,.T.);
#2643=ORIENTED_EDGE('',*,*,#2646,.T.);
#2644=EDGE_CURVE('',#419,#421,#2647,.F.);
#2645=EDGE_CURVE('',#421,#423,#2648,.T.);
#2646=EDGE_CURVE('',#423,#419,#2649,.T.);
#2647=LINE('',#418,#2650);
#2648=LINE('',#420,#2651);
#2649=LINE('',#422,#2652);
#2650=VECTOR('',#2653,1.0);
#2651=VECTOR('',#2654,1.0);
#2652=VECTOR('',#2655,1.0);
#2653=DIRECTION('',(-0.9999987483024597,0.0000000000000000,-0.0015737859066576));
#2654=DIRECTION('',(-0.9950372576713562,0.0000000000000000,0.0995022058486938));
#2655=DIRECTION('',(1.0000000000000000,0.0000000000000000,0.0000000000000000));
#2656=STYLED_ITEM('',(#2657),#2664);
#2657=PRESENTATION_STYLE_ASSIGNMENT((#2658));
#2658=SURFACE_STYLE_USAGE(.BOTH.,#2659);
#2659=SURFACE_SIDE_STYLE('',(#2660));
#2660=SURFACE_STYLE_FILL_AREA(#2661);
#2661=FILL_AREA_STYLE('',(#2662));
#2662=FILL_AREA_STYLE_COLOUR('',#2663);
#2663=COLOUR_RGB('',0.8000000119209290,0.8000000119209290,0.8000000119209290);
#2664=FACE_SURFACE('',(#2669),#2665,.T.);
#2665=PLANE('',#2666);
#2666=AXIS2_PLACEMENT_3D('',#424, #2667,#2668);
#2667=DIRECTION('',(0.0000000000000000,0.0000000000000000,1.0000000000000000));
#2668=DIRECTION('',(1.0000000000000000,0.0000000000000000,0.0000000000000000));
#2669=FACE_BOUND('',#2670,.T.);
#2670=EDGE_LOOP('',(#2671,#2672,#2673));
#2671=ORIENTED_EDGE('',*,*,#2674,.T.);
#2672=ORIENTED_EDGE('',*,*,#2675,.T.);
#2673=ORIENTED_EDGE('',*,*,#2676,.T.);
#2674=EDGE_CURVE('',#425,#427,#2677,.F.);
#2675=EDGE_CURVE('',#427,#429,#2678,.T.);
#2676=EDGE_CURVE('',#429,#425,#2679,.T.);
#2677=LINE('',#424,#2680);
#2678=LINE('',#426,#2681);
#2679=LINE('',#428,#2682);
#2680=VECTOR('',#2683,1.0);
#2681=VECTOR('',#2684,1.0);
#2682=VECTOR('',#2685,1.0);
#2683=DIRECTION('',(0.0000000000000000,0.0000000000000000,1.0000000000000000));
#2684=DIRECTION('',(0.9998996853828430,0.0000000000000000,-0.0141629101708531));
#2685=DIRECTION('',(-1.0000000000000000,0.0000000000000000,0.0000000000000000));
#2686=STYLED_ITEM('',(#2687),#2694);
#2687=PRESENTATION_STYLE_ASSIGNMENT((#2688));
#2688=SURFACE_STYLE_USAGE(.BOTH.,#2689);
#2689=SURFACE_SIDE_STYLE('',(#2690));
#2690=SURFACE_STYLE_FILL_AREA(#2691);
#2691=FILL_AREA_STYLE('',(#2692));
#2692=FILL_AREA_STYLE_COLOUR('',#2693);
#2693=COLOUR_RGB('',0.8000000119209290,0.8000000119209290,0.8000000119209290);
#2694=FACE_SURFACE('',(#2699),#2695,.T.);
#2695=PLANE('',#2696);
#2696=AXIS2_PLACEMENT_3D('',#430, #2697,#2698);
#2697=DIRECTION('',(0.0000000000000000,0.0000000000000000,-1.0000000000000000));
#2698=DIRECTION('',(-0.9999987483024597,0.0000000000000000,-0.0015737859066576));
#2699=FACE_BOUND('',#2700,.T.);
#2700=EDGE_LOOP('',(#2701,#2702,#2703));
#2701=ORIENTED_EDGE('',*,*,#2704,.T.);
#2702=ORIENTED_EDGE('',*,*,#2705,.T.);
#2703=ORIENTED_EDGE('',*,*,#2706,.T.);
#2704=EDGE_CURVE('',#431,#433,#2707,.F.);
#2705=EDGE_CURVE('',#433,#435,#2708,.T.);
#2706=EDGE_CURVE('',#435,#431,#2709,.T.);
#2707=LINE('',#430,#2710);
#2708=LINE('',#432,#2711);
#2709=LINE('',#434,#2712);
#2710=VECTOR('',#2713,1.0);
#2711=VECTOR('',#2714,1.0);
#2712=VECTOR('',#2715,1.0);
#2713=DIRECTION('',(0.0000000000000000,0.0000000000000000,-1.0000000000000000));
#2714=DIRECTION('',(-0.9998996853828430,0.0000000000000000,0.0141629101708531));
#2715=DIRECTION('',(0.9999987483024597,0.0000000000000000,0.0015737859066576));
#2716=STYLED_ITEM('',(#2717),#2724);
#2717=PRESENTATION_STYLE_ASSIGNMENT((#2718));
#2718=SURFACE_STYLE_USAGE(.BOTH.,#2719);
#2719=SURFACE_SIDE_STYLE('',(#2720));
#2720=SURFACE_STYLE_FILL_AREA(#2721);
#2721=FILL_AREA_STYLE('',(#2722));
#2722=FILL_AREA_STYLE_COLOUR('',#2723);
#2723=COLOUR_RGB('',0.8000000119209290,0.8000000119209290,0.8000000119209290);
#2724=FACE_SURFACE('',(#2729),#2725,.T.);
#2725=PLANE('',#2726);
#2726=AXIS2_PLACEMENT_3D('',#436, #2727,#2728);
#2727=DIRECTION('',(-1.0000000000000000,0.0000000000000000,0.0000000000000000));
#2728=DIRECTION('',(0.0000000000000000,0.0000000000000000,1.0000000000000000));
#2729=FACE_BOUND('',#2730,.T.);
#2730=EDGE_LOOP('',(#2731,#2732,#2733));
#2731=ORIENTED_EDGE('',*,*,#2734,.T.);
#2732=ORIENTED_EDGE('',*,*,#2735,.T.);
#2733=ORIENTED_EDGE('',*,*,#2736,.T.);
#2734=EDGE_CURVE('',#437,#439,#2737,.F.);
#2735=EDGE_CURVE('',#439,#441,#2738,.T.);
#2736=EDGE_CURVE('',#441,#437,#2739,.T.);
#2737=LINE('',#436,#2740);
#2738=LINE('',#438,#2741);
#2739=LINE('',#440,#2742);
#2740=VECTOR('',#2743,1.0);
#2741=VECTOR('',#2744,1.0);
#2742=VECTOR('',#2745,1.0);
#2743=DIRECTION('',(-1.0000000000000000,0.0000000000000000,0.0000000000000000));
#2744=DIRECTION('',(0.0555623434484005,0.0000000000000000,0.9984552860260010));
#2745=DIRECTION('',(0.0000000000000000,0.0000000000000000,-1.0000000000000000));
#2746=STYLED_ITEM('',(#2747),#2754);
#2747=PRESENTATION_STYLE_ASSIGNMENT((#2748));
#2748=SURFACE_STYLE_USAGE(.BOTH.,#2749);
#2749=SURFACE_SIDE_STYLE('',(#2750));
#2750=SURFACE_STYLE_FILL_AREA(#2751);
#2751=FILL_AREA_STYLE('',(#2752));
#2752=FILL_AREA_STYLE_COLOUR('',#2753);
#2753=COLOUR_RGB('',0.8000000119209290,0.8000000119209290,0.8000000119209290);
#2754=FACE_SURFACE('',(#2759),#2755,.T.);
#2755=PLANE('',#2756);
#2756=AXIS2_PLACEMENT_3D('',#442, #2757,#2758);
#2757=DIRECTION('',(0.0000000000000000,0.0000000000000000,1.0000000000000000));
#2758=DIRECTION('',(0.0555623434484005,0.0000000000000000,0.9984552860260010));
#2759=FACE_BOUND('',#2760,.T.);
#2760=EDGE_LOOP('',(#2761,#2762,#2763));
#2761=ORIENTED_EDGE('',*,*,#2764,.T.);
#2762=ORIENTED_EDGE('',*,*,#2765,.T.);
#2763=ORIENTED_EDGE('',*,*,#2766,.T.);
#2764=EDGE_CURVE('',#443,#445,#2767,.F.);
#2765=EDGE_CURVE('',#445,#447,#2768,.T.);
#2766=EDGE_CURVE('',#447,#443,#2769,.T.);
#2767=LINE('',#442,#2770);
#2768=LINE('',#444,#2771);
#2769=LINE('',#446,#2772);
#2770=VECTOR('',#2773,1.0);
#2771=VECTOR('',#2774,1.0);
#2772=VECTOR('',#2775,1.0);
#2773=DIRECTION('',(0.0000000000000000,0.0000000000000000,1.0000000000000000));
#2774=DIRECTION('',(0.7432935237884521,0.0000000000000000,-0.6689653396606445));
#2775=DIRECTION('',(-0.0555623434484005,0.0000000000000000,-0.9984552860260010));
#2776=STYLED_ITEM('',(#2777),#2784);
#2777=PRESENTATION_STYLE_ASSIGNMENT((#2778));
#2778=SURFACE_STYLE_USAGE(.BOTH.,#2779);
#2779=SURFACE_SIDE_STYLE('',(#2780));
#2780=SURFACE_STYLE_FILL_AREA(#2781);
#2781=FILL_AREA_STYLE('',(#2782));
#2782=FILL_AREA_STYLE_COLOUR('',#2783);
#2783=COLOUR_RGB('',0.8000000119209290,0.8000000119209290,0.8000000119209290);
#2784=FACE_SURFACE('',(#2789),#2785,.T.);
#2785=PLANE('',#2786);
#2786=AXIS2_PLACEMENT_3D('',#448, #2787,#2788);
#2787=DIRECTION('',(0.0000000000000000,0.0000000000000000,-1.0000000000000000));
#2788=DIRECTION('',(-1.0000000000000000,0.0000000000000000,0.0000000000000000));
#2789=FACE_BOUND('',#2790,.T.);
#2790=EDGE_LOOP('',(#2791,#2792,#2793));
#2791=ORIENTED_EDGE('',*,*,#2794,.T.);
#2792=ORIENTED_EDGE('',*,*,#2795,.T.);
#2793=ORIENTED_EDGE('',*,*,#2796,.T.);
#2794=EDGE_CURVE('',#449,#451,#2797,.F.);
#2795=EDGE_CURVE('',#451,#453,#2798,.T.);
#2796=EDGE_CURVE('',#453,#449,#2799,.T.);
#2797=LINE('',#448,#2800);
#2798=LINE('',#450,#2801);
#2799=LINE('',#452,#2802);
#2800=VECTOR('',#2803,1.0);
#2801=VECTOR('',#2804,1.0);
#2802=VECTOR('',#2805,1.0);
#2803=DIRECTION('',(0.0000000000000000,0.0000000000000000,-1.0000000000000000));
#2804=DIRECTION('',(-0.7432935237884521,0.0000000000000000,0.6689653396606445));
#2805=DIRECTION('',(1.0000000000000000,0.0000000000000000,0.0000000000000000));
#2806=STYLED_ITEM('',(#2807),#2814);
#2807=PRESENTATION_STYLE_ASSIGNMENT((#2808));
#2808=SURFACE_STYLE_USAGE(.BOTH.,#2809);
#2809=SURFACE_SIDE_STYLE('',(#2810));
#2810=SURFACE_STYLE_FILL_AREA(#2811);
#2811=FILL_AREA_STYLE('',(#2812));
#2812=FILL_AREA_STYLE_COLOUR('',#2813);
#2813=COLOUR_RGB('',0.8000000119209290,0.8000000119209290,0.8000000119209290);
#2814=FACE_SURFACE('',(#2819),#2815,.T.);
#2815=PLANE('',#2816);
#2816=AXIS2_PLACEMENT_3D('',#454, #2817,#2818);
#2817=DIRECTION('',(1.0000000000000000,0.0000000000000000,0.0000000000000000));
#2818=DIRECTION('',(0.0000000000000000,0.0000000000000000,1.0000000000000000));
#2819=FACE_BOUND('',#2820,.T.);
#2820=EDGE_LOOP('',(#2821,#2822,#2823));
#2821=ORIENTED_EDGE('',*,*,#2824,.T.);
#2822=ORIENTED_EDGE('',*,*,#2825,.T.);
#2823=ORIENTED_EDGE('',*,*,#2826,.T.);
#2824=EDGE_CURVE('',#455,#457,#2827,.F.);
#2825=EDGE_CURVE('',#457,#459,#2828,.T.);
#2826=EDGE_CURVE('',#459,#455,#2829,.T.);
#2827=LINE('',#454,#2830);
#2828=LINE('',#456,#2831);
#2829=LINE('',#458,#2832);
#2830=VECTOR('',#2833,1.0);
#2831=VECTOR('',#2834,1.0);
#2832=VECTOR('',#2835,1.0);
#2833=DIRECTION('',(1.0000000000000000,0.0000000000000000,0.0000000000000000));
#2834=DIRECTION('',(-0.9950372576713562,0.0000000000000000,0.0995022058486938));
#2835=DIRECTION('',(0.0000000000000000,0.0000000000000000,-1.0000000000000000));
#2836=STYLED_ITEM('',(#2837),#2844);
#2837=PRESENTATION_STYLE_ASSIGNMENT((#2838));
#2838=SURFACE_STYLE_USAGE(.BOTH.,#2839);
#2839=SURFACE_SIDE_STYLE('',(#2840));
#2840=SURFACE_STYLE_FILL_AREA(#2841);
#2841=FILL_AREA_STYLE('',(#2842));
#2842=FILL_AREA_STYLE_COLOUR('',#2843);
#2843=COLOUR_RGB('',0.8000000119209290,0.8000000119209290,0.8000000119209290);
#2844=FACE_SURFACE('',(#2849),#2845,.T.);
#2845=PLANE('',#2846);
#2846=AXIS2_PLACEMENT_3D('',#460, #2847,#2848);
#2847=DIRECTION('',(-1.0000000000000000,0.0000000000000000,0.0000000000000000));
#2848=DIRECTION('',(-0.9999987483024597,0.0000000000000000,-0.0015737859066576));
#2849=FACE_BOUND('',#2850,.T.);
#2850=EDGE_LOOP('',(#2851,#2852,#2853));
#2851=ORIENTED_EDGE('',*,*,#2854,.T.);
#2852=ORIENTED_EDGE('',*,*,#2855,.T.);
#2853=ORIENTED_EDGE('',*,*,#2856,.T.);
#2854=EDGE_CURVE('',#461,#463,#2857,.F.);
#2855=EDGE_CURVE('',#463,#465,#2858,.T.);
#2856=EDGE_CURVE('',#465,#461,#2859,.T.);
#2857=LINE('',#460,#2860);
#2858=LINE('',#462,#2861);
#2859=LINE('',#464,#2862);
#2860=VECTOR('',#2863,1.0);
#2861=VECTOR('',#2864,1.0);
#2862=VECTOR('',#2865,1.0);
#2863=DIRECTION('',(-1.0000000000000000,0.0000000000000000,0.0000000000000000));
#2864=DIRECTION('',(0.9950372576713562,0.0000000000000000,-0.0995022058486938));
#2865=DIRECTION('',(0.9999987483024597,0.0000000000000000,0.0015737859066576));
#2866=STYLED_ITEM('',(#2867),#2874);
#2867=PRESENTATION_STYLE_ASSIGNMENT((#2868));
#2868=SURFACE_STYLE_USAGE(.BOTH.,#2869);
#2869=SURFACE_SIDE_STYLE('',(#2870));
#2870=SURFACE_STYLE_FILL_AREA(#2871);
#2871=FILL_AREA_STYLE('',(#2872));
#2872=FILL_AREA_STYLE_COLOUR('',#2873);
#2873=COLOUR_RGB('',0.8000000119209290,0.8000000119209290,0.8000000119209290);
#2874=FACE_SURFACE('',(#2879),#2875,.T.);
#2875=PLANE('',#2876);
#2876=AXIS2_PLACEMENT_3D('',#466, #2877,#2878);
#2877=DIRECTION('',(0.0000000000000000,0.0000000000000000,1.0000000000000000));
#2878=DIRECTION('',(-0.9998996853828430,0.0000000000000000,0.0141629101708531));
#2879=FACE_BOUND('',#2880,.T.);
#2880=EDGE_LOOP('',(#2881,#2882,#2883));
#2881=ORIENTED_EDGE('',*,*,#2884,.T.);
#2882=ORIENTED_EDGE('',*,*,#2885,.T.);
#2883=ORIENTED_EDGE('',*,*,#2886,.T.);
#2884=EDGE_CURVE('',#467,#469,#2887,.F.);
#2885=EDGE_CURVE('',#469,#471,#2888,.T.);
#2886=EDGE_CURVE('',#471,#467,#2889,.T.);
#2887=LINE('',#466,#2890);
#2888=LINE('',#468,#2891);
#2889=LINE('',#470,#2892);
#2890=VECTOR('',#2893,1.0);
#2891=VECTOR('',#2894,1.0);
#2892=VECTOR('',#2895,1.0);
#2893=DIRECTION('',(0.0000000000000000,0.0000000000000000,1.0000000000000000));
#2894=DIRECTION('',(-0.9999987483024597,0.0000000000000000,-0.0015737859066576));
#2895=DIRECTION('',(0.9998996853828430,0.0000000000000000,-0.0141629101708531));
#2896=STYLED_ITEM('',(#2897),#2904);
#2897=PRESENTATION_STYLE_ASSIGNMENT((#2898));
#2898=SURFACE_STYLE_USAGE(.BOTH.,#2899);
#2899=SURFACE_SIDE_STYLE('',(#2900));
#2900=SURFACE_STYLE_FILL_AREA(#2901);
#2901=FILL_AREA_STYLE('',(#2902));
#2902=FILL_AREA_STYLE_COLOUR('',#2903);
#2903=COLOUR_RGB('',0.8000000119209290,0.8000000119209290,0.8000000119209290);
#2904=FACE_SURFACE('',(#2909),#2905,.T.);
#2905=PLANE('',#2906);
#2906=AXIS2_PLACEMENT_3D('',#472, #2907,#2908);
#2907=DIRECTION('',(-0.9998996853828430,0.0000000000000000,0.0141629101708531));
#2908=DIRECTION('',(-1.0000000000000000,0.0000000000000000,0.0000000000000000));
#2909=FACE_BOUND('',#2910,.T.);
#2910=EDGE_LOOP('',(#2911,#2912,#2913));
#2911=ORIENTED_EDGE('',*,*,#2914,.T.);
#2912=ORIENTED_EDGE('',*,*,#2915,.T.);
#2913=ORIENTED_EDGE('',*,*,#2916,.T.);
#2914=EDGE_CURVE('',#473,#475,#2917,.F.);
#2915=EDGE_CURVE('',#475,#477,#2918,.T.);
#2916=EDGE_CURVE('',#477,#473,#2919,.T.);
#2917=LINE('',#472,#2920);
#2918=LINE('',#474,#2921);
#2919=LINE('',#476,#2922);
#2920=VECTOR('',#2923,1.0);
#2921=VECTOR('',#2924,1.0);
#2922=VECTOR('',#2925,1.0);
#2923=DIRECTION('',(-0.9998996853828430,0.0000000000000000,0.0141629101708531));
#2924=DIRECTION('',(0.0000000000000000,0.0000000000000000,-1.0000000000000000));
#2925=DIRECTION('',(1.0000000000000000,0.0000000000000000,0.0000000000000000));
#2926=STYLED_ITEM('',(#2927),#2934);
#2927=PRESENTATION_STYLE_ASSIGNMENT((#2928));
#2928=SURFACE_STYLE_USAGE(.BOTH.,#2929);
#2929=SURFACE_SIDE_STYLE('',(#2930));
#2930=SURFACE_STYLE_FILL_AREA(#2931);
#2931=FILL_AREA_STYLE('',(#2932));
#2932=FILL_AREA_STYLE_COLOUR('',#2933);
#2933=COLOUR_RGB('',0.8000000119209290,0.8000000119209290,0.8000000119209290);
#2934=FACE_SURFACE('',(#2939),#2935,.T.);
#2935=PLANE('',#2936);
#2936=AXIS2_PLACEMENT_3D('',#478, #2937,#2938);
#2937=DIRECTION('',(-1.0000000000000000,0.0000000000000000,0.0000000000000000));
#2938=DIRECTION('',(0.0000000000000000,0.0000000000000000,-1.0000000000000000));
#2939=FACE_BOUND('',#2940,.T.);
#2940=EDGE_LOOP('',(#2941,#2942,#2943));
#2941=ORIENTED_EDGE('',*,*,#2944,.T.);
#2942=ORIENTED_EDGE('',*,*,#2945,.T.);
#2943=ORIENTED_EDGE('',*,*,#2946,.T.);
#2944=EDGE_CURVE('',#479,#481,#2947,.F.);
#2945=EDGE_CURVE('',#481,#483,#2948,.T.);
#2946=EDGE_CURVE('',#483,#479,#2949,.T.);
#2947=LINE('',#478,#2950);
#2948=LINE('',#480,#2951);
#2949=LINE('',#482,#2952);
#2950=VECTOR('',#2953,1.0);
#2951=VECTOR('',#2954,1.0);
#2952=VECTOR('',#2955,1.0);
#2953=DIRECTION('',(-1.0000000000000000,0.0000000000000000,0.0000000000000000));
#2954=DIRECTION('',(0.7432935237884521,0.0000000000000000,-0.6689653396606445));
#2955=DIRECTION('',(0.0000000000000000,0.0000000000000000,1.0000000000000000));
#2956=STYLED_ITEM('',(#2957),#2964);
#2957=PRESENTATION_STYLE_ASSIGNMENT((#2958));
#2958=SURFACE_STYLE_USAGE(.BOTH.,#2959);
#2959=SURFACE_SIDE_STYLE('',(#2960));
#2960=SURFACE_STYLE_FILL_AREA(#2961);
#2961=FILL_AREA_STYLE('',(#2962));
#2962=FILL_AREA_STYLE_COLOUR('',#2963);
#2963=COLOUR_RGB('',0.8000000119209290,0.8000000119209290,0.8000000119209290);
#2964=FACE_SURFACE('',(#2969),#2965,.T.);
#2965=PLANE('',#2966);
#2966=AXIS2_PLACEMENT_3D('',#484, #2967,#2968);
#2967=DIRECTION('',(0.0000000000000000,0.0000000000000000,-1.0000000000000000));
#2968=DIRECTION('',(0.7432935237884521,0.0000000000000000,-0.6689653396606445));
#2969=FACE_BOUND('',#2970,.T.);
#2970=EDGE_LOOP('',(#2971,#2972,#2973));
#2971=ORIENTED_EDGE('',*,*,#2974,.T.);
#2972=ORIENTED_EDGE('',*,*,#2975,.T.);
#2973=ORIENTED_EDGE('',*,*,#2976,.T.);
#2974=EDGE_CURVE('',#485,#487,#2977,.F.);
#2975=EDGE_CURVE('',#487,#489,#2978,.T.);
#2976=EDGE_CURVE('',#489,#485,#2979,.T.);
#2977=LINE('',#484,#2980);
#2978=LINE('',#486,#2981);
#2979=LINE('',#488,#2982);
#2980=VECTOR('',#2983,1.0);
#2981=VECTOR('',#2984,1.0);
#2982=VECTOR('',#2985,1.0);
#2983=DIRECTION('',(0.0000000000000000,0.0000000000000000,-1.0000000000000000));
#2984=DIRECTION('',(0.0555623434484005,0.0000000000000000,0.9984552860260010));
#2985=DIRECTION('',(-0.7432935237884521,0.0000000000000000,0.6689653396606445));
#2986=STYLED_ITEM('',(#2987),#2994);
#2987=PRESENTATION_STYLE_ASSIGNMENT((#2988));
#2988=SURFACE_STYLE_USAGE(.BOTH.,#2989);
#2989=SURFACE_SIDE_STYLE('',(#2990));
#2990=SURFACE_STYLE_FILL_AREA(#2991);
#2991=FILL_AREA_STYLE('',(#2992));
#2992=FILL_AREA_STYLE_COLOUR('',#2993);
#2993=COLOUR_RGB('',0.8000000119209290,0.8000000119209290,0.8000000119209290);
#2994=FACE_SURFACE('',(#2999),#2995,.T.);
#2995=PLANE('',#2996);
#2996=AXIS2_PLACEMENT_3D('',#490, #2997,#2998);
#2997=DIRECTION('',(0.0000000000000000,0.0000000000000000,1.0000000000000000));
#2998=DIRECTION('',(-1.0000000000000000,0.0000000000000000,0.0000000000000000));
#2999=FACE_BOUND('',#3000,.T.);
#3000=EDGE_LOOP('',(#3001,#3002,#3003));
#3001=ORIENTED_EDGE('',*,*,#3004,.T.);
#3002=ORIENTED_EDGE('',*,*,#3005,.T.);
#3003=ORIENTED_EDGE('',*,*,#3006,.T.);
#3004=EDGE_CURVE('',#491,#493,#3007,.F.);
#3005=EDGE_CURVE('',#493,#495,#3008,.T.);
#3006=EDGE_CURVE('',#495,#491,#3009,.T.);
#3007=LINE('',#490,#3010);
#3008=LINE('',#492,#3011);
#3009=LINE('',#494,#3012);
#3010=VECTOR('',#3013,1.0);
#3011=VECTOR('',#3014,1.0);
#3012=VECTOR('',#3015,1.0);
#3013=DIRECTION('',(0.0000000000000000,0.0000000000000000,1.0000000000000000));
#3014=DIRECTION('',(-0.0555623434484005,0.0000000000000000,-0.9984552860260010));
#3015=DIRECTION('',(1.0000000000000000,0.0000000000000000,0.0000000000000000));
#3016=STYLED_ITEM('',(#3017),#3024);
#3017=PRESENTATION_STYLE_ASSIGNMENT((#3018));
#3018=SURFACE_STYLE_USAGE(.BOTH.,#3019);
#3019=SURFACE_SIDE_STYLE('',(#3020));
#3020=SURFACE_STYLE_FILL_AREA(#3021);
#3021=FILL_AREA_STYLE('',(#3022));
#3022=FILL_AREA_STYLE_COLOUR('',#3023);
#3023=COLOUR_RGB('',0.8000000119209290,0.8000000119209290,0.8000000119209290);
#3024=FACE_SURFACE('',(#3029),#3025,.T.);
#3025=PLANE('',#3026);
#3026=AXIS2_PLACEMENT_3D('',#496, #3027,#3028);
#3027=DIRECTION('',(0.0000000000000000,-1.0000000000000000,0.0000000000000000));
#3028=DIRECTION('',(0.7853123545646667,-0.6190997958183289,0.0000000000000000));
#3029=FACE_BOUND('',#3030,.T.);
#3030=EDGE_LOOP('',(#3031,#3032,#3033));
#3031=ORIENTED_EDGE('',*,*,#3034,.T.);
#3032=ORIENTED_EDGE('',*,*,#3035,.T.);
#3033=ORIENTED_EDGE('',*,*,#3036,.T.);
#3034=EDGE_CURVE('',#497,#499,#3037,.F.);
#3035=EDGE_CURVE('',#499,#501,#3038,.T.);
#3036=EDGE_CURVE('',#501,#497,#3039,.T.);
#3037=LINE('',#496,#3040);
#3038=LINE('',#498,#3041);
#3039=LINE('',#500,#3042);
#3040=VECTOR('',#3043,1.0);
#3041=VECTOR('',#3044,1.0);
#3042=VECTOR('',#3045,1.0);
#3043=DIRECTION('',(0.0000000000000000,-1.0000000000000000,0.0000000000000000));
#3044=DIRECTION('',(1.0000000000000000,0.0000000000000000,0.0000000000000000));
#3045=DIRECTION('',(-0.7853123545646667,0.6190997958183289,0.0000000000000000));
#3046=STYLED_ITEM('',(#3047),#3054);
#3047=PRESENTATION_STYLE_ASSIGNMENT((#3048));
#3048=SURFACE_STYLE_USAGE(.BOTH.,#3049);
#3049=SURFACE_SIDE_STYLE('',(#3050));
#3050=SURFACE_STYLE_FILL_AREA(#3051);
#3051=FILL_AREA_STYLE('',(#3052));
#3052=FILL_AREA_STYLE_COLOUR('',#3053);
#3053=COLOUR_RGB('',0.8000000119209290,0.8000000119209290,0.8000000119209290);
#3054=FACE_SURFACE('',(#3059),#3055,.T.);
#3055=PLANE('',#3056);
#3056=AXIS2_PLACEMENT_3D('',#502, #3057,#3058);
#3057=DIRECTION('',(0.7853123545646667,-0.6190997958183289,0.0000000000000000));
#3058=DIRECTION('',(1.0000000000000000,0.0000000000000000,0.0000000000000000));
#3059=FACE_BOUND('',#3060,.T.);
#3060=EDGE_LOOP('',(#3061,#3062,#3063));
#3061=ORIENTED_EDGE('',*,*,#3064,.T.);
#3062=ORIENTED_EDGE('',*,*,#3065,.T.);
#3063=ORIENTED_EDGE('',*,*,#3066,.T.);
#3064=EDGE_CURVE('',#503,#505,#3067,.F.);
#3065=EDGE_CURVE('',#505,#507,#3068,.T.);
#3066=EDGE_CURVE('',#507,#503,#3069,.T.);
#3067=LINE('',#502,#3070);
#3068=LINE('',#504,#3071);
#3069=LINE('',#506,#3072);
#3070=VECTOR('',#3073,1.0);
#3071=VECTOR('',#3074,1.0);
#3072=VECTOR('',#3075,1.0);
#3073=DIRECTION('',(0.7853123545646667,-0.6190997958183289,0.0000000000000000));
#3074=DIRECTION('',(0.0000000000000000,1.0000000000000000,0.0000000000000000));
#3075=DIRECTION('',(-1.0000000000000000,0.0000000000000000,0.0000000000000000));
#3076=STYLED_ITEM('',(#3077),#3084);
#3077=PRESENTATION_STYLE_ASSIGNMENT((#3078));
#3078=SURFACE_STYLE_USAGE(.BOTH.,#3079);
#3079=SURFACE_SIDE_STYLE('',(#3080));
#3080=SURFACE_STYLE_FILL_AREA(#3081);
#3081=FILL_AREA_STYLE('',(#3082));
#3082=FILL_AREA_STYLE_COLOUR('',#3083);
#3083=COLOUR_RGB('',0.8000000119209290,0.8000000119209290,0.8000000119209290);
#3084=FACE_SURFACE('',(#3089),#3085,.T.);
#3085=PLANE('',#3086);
#3086=AXIS2_PLACEMENT_3D('',#508, #3087,#3088);
#3087=DIRECTION('',(0.0000000000000000,0.0000000000000000,-1.0000000000000000));
#3088=DIRECTION('',(0.0000000000000000,-0.9999980330467224,-0.0019653746858239));
#3089=FACE_BOUND('',#3090,.T.);
#3090=EDGE_LOOP('',(#3091,#3092,#3093));
#3091=ORIENTED_EDGE('',*,*,#3094,.T.);
#3092=ORIENTED_EDGE('',*,*,#3095,.T.);
#3093=ORIENTED_EDGE('',*,*,#3096,.T.);
#3094=EDGE_CURVE('',#509,#511,#3097,.F.);
#3095=EDGE_CURVE('',#511,#513,#3098,.T.);
#3096=EDGE_CURVE('',#513,#509,#3099,.T.);
#3097=LINE('',#508,#3100);
#3098=LINE('',#510,#3101);
#3099=LINE('',#512,#3102);
#3100=VECTOR('',#3103,1.0);
#3101=VECTOR('',#3104,1.0);
#3102=VECTOR('',#3105,1.0);
#3103=DIRECTION('',(0.0000000000000000,0.0000000000000000,-1.0000000000000000));
#3104=DIRECTION('',(0.0000000000000000,-1.0000000000000000,0.0000000000000000));
#3105=DIRECTION('',(0.0000000000000000,0.9999980330467224,0.0019653746858239));
#3106=STYLED_ITEM('',(#3107),#3114);
#3107=PRESENTATION_STYLE_ASSIGNMENT((#3108));
#3108=SURFACE_STYLE_USAGE(.BOTH.,#3109);
#3109=SURFACE_SIDE_STYLE('',(#3110));
#3110=SURFACE_STYLE_FILL_AREA(#3111);
#3111=FILL_AREA_STYLE('',(#3112));
#3112=FILL_AREA_STYLE_COLOUR('',#3113);
#3113=COLOUR_RGB('',0.8000000119209290,0.8000000119209290,0.8000000119209290);
#3114=FACE_SURFACE('',(#3119),#3115,.T.);
#3115=PLANE('',#3116);
#3116=AXIS2_PLACEMENT_3D('',#514, #3117,#3118);
#3117=DIRECTION('',(0.0000000000000000,-0.9999980330467224,-0.0019653746858239));
#3118=DIRECTION('',(0.0000000000000000,-1.0000000000000000,0.0000000000000000));
#3119=FACE_BOUND('',#3120,.T.);
#3120=EDGE_LOOP('',(#3121,#3122,#3123));
#3121=ORIENTED_EDGE('',*,*,#3124,.T.);
#3122=ORIENTED_EDGE('',*,*,#3125,.T.);
#3123=ORIENTED_EDGE('',*,*,#3126,.T.);
#3124=EDGE_CURVE('',#515,#517,#3127,.F.);
#3125=EDGE_CURVE('',#517,#519,#3128,.T.);
#3126=EDGE_CURVE('',#519,#515,#3129,.T.);
#3127=LINE('',#514,#3130);
#3128=LINE('',#516,#3131);
#3129=LINE('',#518,#3132);
#3130=VECTOR('',#3133,1.0);
#3131=VECTOR('',#3134,1.0);
#3132=VECTOR('',#3135,1.0);
#3133=DIRECTION('',(0.0000000000000000,-0.9999980330467224,-0.0019653746858239));
#3134=DIRECTION('',(0.0000000000000000,0.0000000000000000,1.0000000000000000));
#3135=DIRECTION('',(0.0000000000000000,1.0000000000000000,0.0000000000000000));
#3136=STYLED_ITEM('',(#3137),#3144);
#3137=PRESENTATION_STYLE_ASSIGNMENT((#3138));
#3138=SURFACE_STYLE_USAGE(.BOTH.,#3139);
#3139=SURFACE_SIDE_STYLE('',(#3140));
#3140=SURFACE_STYLE_FILL_AREA(#3141);
#3141=FILL_AREA_STYLE('',(#3142));
#3142=FILL_AREA_STYLE_COLOUR('',#3143);
#3143=COLOUR_RGB('',0.8000000119209290,0.8000000119209290,0.8000000119209290);
#3144=FACE_SURFACE('',(#3149),#3145,.T.);
#3145=PLANE('',#3146);
#3146=AXIS2_PLACEMENT_3D('',#520, #3147,#3148);
#3147=DIRECTION('',(0.0000000000000000,0.9999916553497314,0.0040915561839938));
#3148=DIRECTION('',(0.0000000000000000,-1.0000000000000000,0.0000000000000000));
#3149=FACE_BOUND('',#3150,.T.);
#3150=EDGE_LOOP('',(#3151,#3152,#3153));
#3151=ORIENTED_EDGE('',*,*,#3154,.T.);
#3152=ORIENTED_EDGE('',*,*,#3155,.T.);
#3153=ORIENTED_EDGE('',*,*,#3156,.T.);
#3154=EDGE_CURVE('',#521,#523,#3157,.F.);
#3155=EDGE_CURVE('',#523,#525,#3158,.T.);
#3156=EDGE_CURVE('',#525,#521,#3159,.T.);
#3157=LINE('',#520,#3160);
#3158=LINE('',#522,#3161);
#3159=LINE('',#524,#3162);
#3160=VECTOR('',#3163,1.0);
#3161=VECTOR('',#3164,1.0);
#3162=VECTOR('',#3165,1.0);
#3163=DIRECTION('',(0.0000000000000000,0.9999916553497314,0.0040915561839938));
#3164=DIRECTION('',(0.0000000000000000,-0.9999922513961792,-0.0039307270199060));
#3165=DIRECTION('',(0.0000000000000000,1.0000000000000000,0.0000000000000000));
#3166=STYLED_ITEM('',(#3167),#3174);
#3167=PRESENTATION_STYLE_ASSIGNMENT((#3168));
#3168=SURFACE_STYLE_USAGE(.BOTH.,#3169);
#3169=SURFACE_SIDE_STYLE('',(#3170));
#3170=SURFACE_STYLE_FILL_AREA(#3171);
#3171=FILL_AREA_STYLE('',(#3172));
#3172=FILL_AREA_STYLE_COLOUR('',#3173);
#3173=COLOUR_RGB('',0.8000000119209290,0.8000000119209290,0.8000000119209290);
#3174=FACE_SURFACE('',(#3179),#3175,.T.);
#3175=PLANE('',#3176);
#3176=AXIS2_PLACEMENT_3D('',#526, #3177,#3178);
#3177=DIRECTION('',(0.0000000000000000,0.9999922513961792,-0.0039307270199060));
#3178=DIRECTION('',(0.0000000000000000,1.0000000000000000,0.0000000000000000));
#3179=FACE_BOUND('',#3180,.T.);
#3180=EDGE_LOOP('',(#3181,#3182,#3183));
#3181=ORIENTED_EDGE('',*,*,#3184,.T.);
#3182=ORIENTED_EDGE('',*,*,#3185,.T.);
#3183=ORIENTED_EDGE('',*,*,#3186,.T.);
#3184=EDGE_CURVE('',#527,#529,#3187,.F.);
#3185=EDGE_CURVE('',#529,#531,#3188,.T.);
#3186=EDGE_CURVE('',#531,#527,#3189,.T.);
#3187=LINE('',#526,#3190);
#3188=LINE('',#528,#3191);
#3189=LINE('',#530,#3192);
#3190=VECTOR('',#3193,1.0);
#3191=VECTOR('',#3194,1.0);
#3192=VECTOR('',#3195,1.0);
#3193=DIRECTION('',(0.0000000000000000,0.9999922513961792,-0.0039307270199060));
#3194=DIRECTION('',(0.0000000000000000,0.9999922513961792,0.0039307270199060));
#3195=DIRECTION('',(0.0000000000000000,-1.0000000000000000,0.0000000000000000));
#3196=STYLED_ITEM('',(#3197),#3204);
#3197=PRESENTATION_STYLE_ASSIGNMENT((#3198));
#3198=SURFACE_STYLE_USAGE(.BOTH.,#3199);
#3199=SURFACE_SIDE_STYLE('',(#3200));
#3200=SURFACE_STYLE_FILL_AREA(#3201);
#3201=FILL_AREA_STYLE('',(#3202));
#3202=FILL_AREA_STYLE_COLOUR('',#3203);
#3203=COLOUR_RGB('',0.8000000119209290,0.8000000119209290,0.8000000119209290);
#3204=FACE_SURFACE('',(#3209),#3205,.T.);
#3205=PLANE('',#3206);
#3206=AXIS2_PLACEMENT_3D('',#532, #3207,#3208);
#3207=DIRECTION('',(0.0000000000000000,1.0000000000000000,0.0000000000000000));
#3208=DIRECTION('',(-0.0200002714991570,0.9998000264167786,0.0000000000000000));
#3209=FACE_BOUND('',#3210,.T.);
#3210=EDGE_LOOP('',(#3211,#3212,#3213));
#3211=ORIENTED_EDGE('',*,*,#3214,.T.);
#3212=ORIENTED_EDGE('',*,*,#3215,.T.);
#3213=ORIENTED_EDGE('',*,*,#3216,.T.);
#3214=EDGE_CURVE('',#533,#535,#3217,.F.);
#3215=EDGE_CURVE('',#535,#537,#3218,.T.);
#3216=EDGE_CURVE('',#537,#533,#3219,.T.);
#3217=LINE('',#532,#3220);
#3218=LINE('',#534,#3221);
#3219=LINE('',#536,#3222);
#3220=VECTOR('',#3223,1.0);
#3221=VECTOR('',#3224,1.0);
#3222=VECTOR('',#3225,1.0);
#3223=DIRECTION('',(0.0000000000000000,1.0000000000000000,0.0000000000000000));
#3224=DIRECTION('',(-1.0000000000000000,0.0000000000000000,0.0000000000000000));
#3225=DIRECTION('',(0.0200002714991570,-0.9998000264167786,0.0000000000000000));
#3226=STYLED_ITEM('',(#3227),#3234);
#3227=PRESENTATION_STYLE_ASSIGNMENT((#3228));
#3228=SURFACE_STYLE_USAGE(.BOTH.,#3229);
#3229=SURFACE_SIDE_STYLE('',(#3230));
#3230=SURFACE_STYLE_FILL_AREA(#3231);
#3231=FILL_AREA_STYLE('',(#3232));
#3232=FILL_AREA_STYLE_COLOUR('',#3233);
#3233=COLOUR_RGB('',0.8000000119209290,0.8000000119209290,0.8000000119209290);
#3234=FACE_SURFACE('',(#3239),#3235,.T.);
#3235=PLANE('',#3236);
#3236=AXIS2_PLACEMENT_3D('',#538, #3237,#3238);
#3237=DIRECTION('',(-0.0200002714991570,0.9998000264167786,0.0000000000000000));
#3238=DIRECTION('',(-1.0000000000000000,0.0000000000000000,0.0000000000000000));
#3239=FACE_BOUND('',#3240,.T.);
#3240=EDGE_LOOP('',(#3241,#3242,#3243));
#3241=ORIENTED_EDGE('',*,*,#3244,.T.);
#3242=ORIENTED_EDGE('',*,*,#3245,.T.);
#3243=ORIENTED_EDGE('',*,*,#3246,.T.);
#3244=EDGE_CURVE('',#539,#541,#3247,.F.);
#3245=EDGE_CURVE('',#541,#543,#3248,.T.);
#3246=EDGE_CURVE('',#543,#539,#3249,.T.);
#3247=LINE('',#538,#3250);
#3248=LINE('',#540,#3251);
#3249=LINE('',#542,#3252);
#3250=VECTOR('',#3253,1.0);
#3251=VECTOR('',#3254,1.0);
#3252=VECTOR('',#3255,1.0);
#3253=DIRECTION('',(-0.0200002714991570,0.9998000264167786,0.0000000000000000));
#3254=DIRECTION('',(0.0000000000000000,-1.0000000000000000,0.0000000000000000));
#3255=DIRECTION('',(1.0000000000000000,0.0000000000000000,0.0000000000000000));
#3256=STYLED_ITEM('',(#3257),#3264);
#3257=PRESENTATION_STYLE_ASSIGNMENT((#3258));
#3258=SURFACE_STYLE_USAGE(.BOTH.,#3259);
#3259=SURFACE_SIDE_STYLE('',(#3260));
#3260=SURFACE_STYLE_FILL_AREA(#3261);
#3261=FILL_AREA_STYLE('',(#3262));
#3262=FILL_AREA_STYLE_COLOUR('',#3263);
#3263=COLOUR_RGB('',0.8000000119209290,0.8000000119209290,0.8000000119209290);
#3264=FACE_SURFACE('',(#3269),#3265,.T.);
#3265=PLANE('',#3266);
#3266=AXIS2_PLACEMENT_3D('',#544, #3267,#3268);
#3267=DIRECTION('',(0.0000000000000000,0.0000000000000000,-1.0000000000000000));
#3268=DIRECTION('',(0.0000000000000000,-0.9375953078269958,-0.3477284312248230));
#3269=FACE_BOUND('',#3270,.T.);
#3270=EDGE_LOOP('',(#3271,#3272,#3273));
#3271=ORIENTED_EDGE('',*,*,#3274,.T.);
#3272=ORIENTED_EDGE('',*,*,#3275,.T.);
#3273=ORIENTED_EDGE('',*,*,#3276,.T.);
#3274=EDGE_CURVE('',#545,#547,#3277,.F.);
#3275=EDGE_CURVE('',#547,#549,#3278,.T.);
#3276=EDGE_CURVE('',#549,#545,#3279,.T.);
#3277=LINE('',#544,#3280);
#3278=LINE('',#546,#3281);
#3279=LINE('',#548,#3282);
#3280=VECTOR('',#3283,1.0);
#3281=VECTOR('',#3284,1.0);
#3282=VECTOR('',#3285,1.0);
#3283=DIRECTION('',(0.0000000000000000,0.0000000000000000,-1.0000000000000000));
#3284=DIRECTION('',(0.0000000000000000,-1.0000000000000000,0.0000000000000000));
#3285=DIRECTION('',(0.0000000000000000,0.9375953078269958,0.3477284312248230));
#3286=STYLED_ITEM('',(#3287),#3294);
#3287=PRESENTATION_STYLE_ASSIGNMENT((#3288));
#3288=SURFACE_STYLE_USAGE(.BOTH.,#3289);
#3289=SURFACE_SIDE_STYLE('',(#3290));
#3290=SURFACE_STYLE_FILL_AREA(#3291);
#3291=FILL_AREA_STYLE('',(#3292));
#3292=FILL_AREA_STYLE_COLOUR('',#3293);
#3293=COLOUR_RGB('',0.8000000119209290,0.8000000119209290,0.8000000119209290);
#3294=FACE_SURFACE('',(#3299),#3295,.T.);
#3295=PLANE('',#3296);
#3296=AXIS2_PLACEMENT_3D('',#550, #3297,#3298);
#3297=DIRECTION('',(0.0000000000000000,-0.9375953078269958,-0.3477284312248230));
#3298=DIRECTION('',(0.0000000000000000,-1.0000000000000000,0.0000000000000000));
#3299=FACE_BOUND('',#3300,.T.);
#3300=EDGE_LOOP('',(#3301,#3302,#3303));
#3301=ORIENTED_EDGE('',*,*,#3304,.T.);
#3302=ORIENTED_EDGE('',*,*,#3305,.T.);
#3303=ORIENTED_EDGE('',*,*,#3306,.T.);
#3304=EDGE_CURVE('',#551,#553,#3307,.F.);
#3305=EDGE_CURVE('',#553,#555,#3308,.T.);
#3306=EDGE_CURVE('',#555,#551,#3309,.T.);
#3307=LINE('',#550,#3310);
#3308=LINE('',#552,#3311);
#3309=LINE('',#554,#3312);
#3310=VECTOR('',#3313,1.0);
#3311=VECTOR('',#3314,1.0);
#3312=VECTOR('',#3315,1.0);
#3313=DIRECTION('',(0.0000000000000000,-0.9375953078269958,-0.3477284312248230));
#3314=DIRECTION('',(0.0000000000000000,0.0000000000000000,1.0000000000000000));
#3315=DIRECTION('',(0.0000000000000000,1.0000000000000000,0.0000000000000000));
#3316=STYLED_ITEM('',(#3317),#3324);
#3317=PRESENTATION_STYLE_ASSIGNMENT((#3318));
#3318=SURFACE_STYLE_USAGE(.BOTH.,#3319);
#3319=SURFACE_SIDE_STYLE('',(#3320));
#3320=SURFACE_STYLE_FILL_AREA(#3321);
#3321=FILL_AREA_STYLE('',(#3322));
#3322=FILL_AREA_STYLE_COLOUR('',#3323);
#3323=COLOUR_RGB('',0.8000000119209290,0.8000000119209290,0.8000000119209290);
#3324=FACE_SURFACE('',(#3329),#3325,.T.);
#3325=PLANE('',#3326);
#3326=AXIS2_PLACEMENT_3D('',#556, #3327,#3328);
#3327=DIRECTION('',(-1.0000000000000000,0.0000000000000000,0.0000000000000000));
#3328=DIRECTION('',(-0.0011135749518871,0.0000000000000000,0.9999993443489075));
#3329=FACE_BOUND('',#3330,.T.);
#3330=EDGE_LOOP('',(#3331,#3332,#3333));
#3331=ORIENTED_EDGE('',*,*,#3334,.T.);
#3332=ORIENTED_EDGE('',*,*,#3335,.T.);
#3333=ORIENTED_EDGE('',*,*,#3336,.T.);
#3334=EDGE_CURVE('',#557,#559,#3337,.F.);
#3335=EDGE_CURVE('',#559,#561,#3338,.T.);
#3336=EDGE_CURVE('',#561,#557,#3339,.T.);
#3337=LINE('',#556,#3340);
#3338=LINE('',#558,#3341);
#3339=LINE('',#560,#3342);
#3340=VECTOR('',#3343,1.0);
#3341=VECTOR('',#3344,1.0);
#3342=VECTOR('',#3345,1.0);
#3343=DIRECTION('',(-1.0000000000000000,0.0000000000000000,0.0000000000000000));
#3344=DIRECTION('',(0.0000000000000000,0.0000000000000000,1.0000000000000000));
#3345=DIRECTION('',(0.0011135749518871,0.0000000000000000,-0.9999993443489075));
#3346=STYLED_ITEM('',(#3347),#3354);
#3347=PRESENTATION_STYLE_ASSIGNMENT((#3348));
#3348=SURFACE_STYLE_USAGE(.BOTH.,#3349);
#3349=SURFACE_SIDE_STYLE('',(#3350));
#3350=SURFACE_STYLE_FILL_AREA(#3351);
#3351=FILL_AREA_STYLE('',(#3352));
#3352=FILL_AREA_STYLE_COLOUR('',#3353);
#3353=COLOUR_RGB('',0.8000000119209290,0.8000000119209290,0.8000000119209290);
#3354=FACE_SURFACE('',(#3359),#3355,.T.);
#3355=PLANE('',#3356);
#3356=AXIS2_PLACEMENT_3D('',#562, #3357,#3358);
#3357=DIRECTION('',(0.6886325478553772,-0.7251104712486267,0.0000000000000000));
#3358=DIRECTION('',(-0.1569977402687073,-0.9875989556312561,0.0000000000000000));
#3359=FACE_BOUND('',#3360,.T.);
#3360=EDGE_LOOP('',(#3361,#3362,#3363));
#3361=ORIENTED_EDGE('',*,*,#3364,.T.);
#3362=ORIENTED_EDGE('',*,*,#3365,.T.);
#3363=ORIENTED_EDGE('',*,*,#3366,.T.);
#3364=EDGE_CURVE('',#563,#565,#3367,.F.);
#3365=EDGE_CURVE('',#565,#567,#3368,.T.);
#3366=EDGE_CURVE('',#567,#563,#3369,.T.);
#3367=LINE('',#562,#3370);
#3368=LINE('',#564,#3371);
#3369=LINE('',#566,#3372);
#3370=VECTOR('',#3373,1.0);
#3371=VECTOR('',#3374,1.0);
#3372=VECTOR('',#3375,1.0);
#3373=DIRECTION('',(0.6886325478553772,-0.7251104712486267,0.0000000000000000));
#3374=DIRECTION('',(-0.6947450637817383,0.7192561030387878,0.0000000000000000));
#3375=DIRECTION('',(0.1569977402687073,0.9875989556312561,0.0000000000000000));
#3376=STYLED_ITEM('',(#3377),#3384);
#3377=PRESENTATION_STYLE_ASSIGNMENT((#3378));
#3378=SURFACE_STYLE_USAGE(.BOTH.,#3379);
#3379=SURFACE_SIDE_STYLE('',(#3380));
#3380=SURFACE_STYLE_FILL_AREA(#3381);
#3381=FILL_AREA_STYLE('',(#3382));
#3382=FILL_AREA_STYLE_COLOUR('',#3383);
#3383=COLOUR_RGB('',0.8000000119209290,0.8000000119209290,0.8000000119209290);
#3384=FACE_SURFACE('',(#3389),#3385,.T.);
#3385=PLANE('',#3386);
#3386=AXIS2_PLACEMENT_3D('',#568, #3387,#3388);
#3387=DIRECTION('',(0.7019867300987244,-0.7121900320053101,0.0000000000000000));
#3388=DIRECTION('',(-0.7071041464805603,-0.7071093916893005,0.0000000000000000));
#3389=FACE_BOUND('',#3390,.T.);
#3390=EDGE_LOOP('',(#3391,#3392,#3393));
#3391=ORIENTED_EDGE('',*,*,#3394,.T.);
#3392=ORIENTED_EDGE('',*,*,#3395,.T.);
#3393=ORIENTED_EDGE('',*,*,#3396,.T.);
#3394=EDGE_CURVE('',#569,#571,#3397,.F.);
#3395=EDGE_CURVE('',#571,#573,#3398,.T.);
#3396=EDGE_CURVE('',#573,#569,#3399,.T.);
#3397=LINE('',#568,#3400);
#3398=LINE('',#570,#3401);
#3399=LINE('',#572,#3402);
#3400=VECTOR('',#3403,1.0);
#3401=VECTOR('',#3404,1.0);
#3402=VECTOR('',#3405,1.0);
#3403=DIRECTION('',(0.7019867300987244,-0.7121900320053101,0.0000000000000000));
#3404=DIRECTION('',(-0.7095679044723511,0.7046370506286621,0.0000000000000000));
#3405=DIRECTION('',(0.7071041464805603,0.7071093916893005,0.0000000000000000));
#3406=STYLED_ITEM('',(#3407),#3414);
#3407=PRESENTATION_STYLE_ASSIGNMENT((#3408));
#3408=SURFACE_STYLE_USAGE(.BOTH.,#3409);
#3409=SURFACE_SIDE_STYLE('',(#3410));
#3410=SURFACE_STYLE_FILL_AREA(#3411);
#3411=FILL_AREA_STYLE('',(#3412));
#3412=FILL_AREA_STYLE_COLOUR('',#3413);
#3413=COLOUR_RGB('',0.8000000119209290,0.8000000119209290,0.8000000119209290);
#3414=FACE_SURFACE('',(#3419),#3415,.T.);
#3415=PLANE('',#3416);
#3416=AXIS2_PLACEMENT_3D('',#574, #3417,#3418);
#3417=DIRECTION('',(0.8913049101829529,0.4534043669700623,0.0000000000000000));
#3418=DIRECTION('',(0.7166700363159180,-0.6974123120307922,0.0000000000000000));
#3419=FACE_BOUND('',#3420,.T.);
#3420=EDGE_LOOP('',(#3421,#3422,#3423));
#3421=ORIENTED_EDGE('',*,*,#3424,.T.);
#3422=ORIENTED_EDGE('',*,*,#3425,.T.);
#3423=ORIENTED_EDGE('',*,*,#3426,.T.);
#3424=EDGE_CURVE('',#575,#577,#3427,.F.);
#3425=EDGE_CURVE('',#577,#579,#3428,.T.);
#3426=EDGE_CURVE('',#579,#575,#3429,.T.);
#3427=LINE('',#574,#3430);
#3428=LINE('',#576,#3431);
#3429=LINE('',#578,#3432);
#3430=VECTOR('',#3433,1.0);
#3431=VECTOR('',#3434,1.0);
#3432=VECTOR('',#3435,1.0);
#3433=DIRECTION('',(0.8913049101829529,0.4534043669700623,0.0000000000000000));
#3434=DIRECTION('',(0.7095679044723511,-0.7046370506286621,0.0000000000000000));
#3435=DIRECTION('',(-0.7166700363159180,0.6974123120307922,0.0000000000000000));
#3436=STYLED_ITEM('',(#3437),#3444);
#3437=PRESENTATION_STYLE_ASSIGNMENT((#3438));
#3438=SURFACE_STYLE_USAGE(.BOTH.,#3439);
#3439=SURFACE_SIDE_STYLE('',(#3440));
#3440=SURFACE_STYLE_FILL_AREA(#3441);
#3441=FILL_AREA_STYLE('',(#3442));
#3442=FILL_AREA_STYLE_COLOUR('',#3443);
#3443=COLOUR_RGB('',0.8000000119209290,0.8000000119209290,0.8000000119209290);
#3444=FACE_SURFACE('',(#3449),#3445,.T.);
#3445=PLANE('',#3446);
#3446=AXIS2_PLACEMENT_3D('',#580, #3447,#3448);
#3447=DIRECTION('',(-0.1561077833175659,-0.9877400994300842,0.0000000000000000));
#3448=DIRECTION('',(-0.9186998009681702,0.3949566483497620,0.0000000000000000));
#3449=FACE_BOUND('',#3450,.T.);
#3450=EDGE_LOOP('',(#3451,#3452,#3453));
#3451=ORIENTED_EDGE('',*,*,#3454,.T.);
#3452=ORIENTED_EDGE('',*,*,#3455,.T.);
#3453=ORIENTED_EDGE('',*,*,#3456,.T.);
#3454=EDGE_CURVE('',#581,#583,#3457,.F.);
#3455=EDGE_CURVE('',#583,#585,#3458,.T.);
#3456=EDGE_CURVE('',#585,#581,#3459,.T.);
#3457=LINE('',#580,#3460);
#3458=LINE('',#582,#3461);
#3459=LINE('',#584,#3462);
#3460=VECTOR('',#3463,1.0);
#3461=VECTOR('',#3464,1.0);
#3462=VECTOR('',#3465,1.0);
#3463=DIRECTION('',(-0.1561077833175659,-0.9877400994300842,0.0000000000000000));
#3464=DIRECTION('',(-0.9164479970932007,0.4001536667346954,0.0000000000000000));
#3465=DIRECTION('',(0.9186998009681702,-0.3949566483497620,0.0000000000000000));
#3466=STYLED_ITEM('',(#3467),#3474);
#3467=PRESENTATION_STYLE_ASSIGNMENT((#3468));
#3468=SURFACE_STYLE_USAGE(.BOTH.,#3469);
#3469=SURFACE_SIDE_STYLE('',(#3470));
#3470=SURFACE_STYLE_FILL_AREA(#3471);
#3471=FILL_AREA_STYLE('',(#3472));
#3472=FILL_AREA_STYLE_COLOUR('',#3473);
#3473=COLOUR_RGB('',0.8000000119209290,0.8000000119209290,0.8000000119209290);
#3474=FACE_SURFACE('',(#3479),#3475,.T.);
#3475=PLANE('',#3476);
#3476=AXIS2_PLACEMENT_3D('',#586, #3477,#3478);
#3477=DIRECTION('',(-0.9209915399551392,0.3895824849605560,0.0000000000000000));
#3478=DIRECTION('',(0.7071076631546021,0.7071059346199036,0.0000000000000000));
#3479=FACE_BOUND('',#3480,.T.);
#3480=EDGE_LOOP('',(#3481,#3482,#3483));
#3481=ORIENTED_EDGE('',*,*,#3484,.T.);
#3482=ORIENTED_EDGE('',*,*,#3485,.T.);
#3483=ORIENTED_EDGE('',*,*,#3486,.T.);
#3484=EDGE_CURVE('',#587,#589,#3487,.F.);
#3485=EDGE_CURVE('',#589,#591,#3488,.T.);
#3486=EDGE_CURVE('',#591,#587,#3489,.T.);
#3487=LINE('',#586,#3490);
#3488=LINE('',#588,#3491);
#3489=LINE('',#590,#3492);
#3490=VECTOR('',#3493,1.0);
#3491=VECTOR('',#3494,1.0);
#3492=VECTOR('',#3495,1.0);
#3493=DIRECTION('',(-0.9209915399551392,0.3895824849605560,0.0000000000000000));
#3494=DIRECTION('',(0.9230868220329285,-0.3845915496349335,0.0000000000000000));
#3495=DIRECTION('',(-0.7071076631546021,-0.7071059346199036,0.0000000000000000));
#3496=STYLED_ITEM('',(#3497),#3504);
#3497=PRESENTATION_STYLE_ASSIGNMENT((#3498));
#3498=SURFACE_STYLE_USAGE(.BOTH.,#3499);
#3499=SURFACE_SIDE_STYLE('',(#3500));
#3500=SURFACE_STYLE_FILL_AREA(#3501);
#3501=FILL_AREA_STYLE('',(#3502));
#3502=FILL_AREA_STYLE_COLOUR('',#3503);
#3503=COLOUR_RGB('',0.8000000119209290,0.8000000119209290,0.8000000119209290);
#3504=FACE_SURFACE('',(#3509),#3505,.T.);
#3505=PLANE('',#3506);
#3506=AXIS2_PLACEMENT_3D('',#592, #3507,#3508);
#3507=DIRECTION('',(-0.9230868220329285,0.3845915496349335,0.0000000000000000));
#3508=DIRECTION('',(0.8913049101829529,0.4534043669700623,0.0000000000000000));
#3509=FACE_BOUND('',#3510,.T.);
#3510=EDGE_LOOP('',(#3511,#3512,#3513));
#3511=ORIENTED_EDGE('',*,*,#3514,.T.);
#3512=ORIENTED_EDGE('',*,*,#3515,.T.);
#3513=ORIENTED_EDGE('',*,*,#3516,.T.);
#3514=EDGE_CURVE('',#593,#595,#3517,.F.);
#3515=EDGE_CURVE('',#595,#597,#3518,.T.);
#3516=EDGE_CURVE('',#597,#593,#3519,.T.);
#3517=LINE('',#592,#3520);
#3518=LINE('',#594,#3521);
#3519=LINE('',#596,#3522);
#3520=VECTOR('',#3523,1.0);
#3521=VECTOR('',#3524,1.0);
#3522=VECTOR('',#3525,1.0);
#3523=DIRECTION('',(-0.9230868220329285,0.3845915496349335,0.0000000000000000));
#3524=DIRECTION('',(0.9247817397117615,-0.3804979622364044,0.0000000000000000));
#3525=DIRECTION('',(-0.8913049101829529,-0.4534043669700623,0.0000000000000000));
#3526=STYLED_ITEM('',(#3527),#3534);
#3527=PRESENTATION_STYLE_ASSIGNMENT((#3528));
#3528=SURFACE_STYLE_USAGE(.BOTH.,#3529);
#3529=SURFACE_SIDE_STYLE('',(#3530));
#3530=SURFACE_STYLE_FILL_AREA(#3531);
#3531=FILL_AREA_STYLE('',(#3532));
#3532=FILL_AREA_STYLE_COLOUR('',#3533);
#3533=COLOUR_RGB('',0.8000000119209290,0.8000000119209290,0.8000000119209290);
#3534=FACE_SURFACE('',(#3539),#3535,.T.);
#3535=PLANE('',#3536);
#3536=AXIS2_PLACEMENT_3D('',#598, #3537,#3538);
#3537=DIRECTION('',(0.7225639224052429,0.6913040876388550,0.0000000000000000));
#3538=DIRECTION('',(0.9875994920730591,-0.1569943428039551,0.0000000000000000));
#3539=FACE_BOUND('',#3540,.T.);
#3540=EDGE_LOOP('',(#3541,#3542,#3543));
#3541=ORIENTED_EDGE('',*,*,#3544,.T.);
#3542=ORIENTED_EDGE('',*,*,#3545,.T.);
#3543=ORIENTED_EDGE('',*,*,#3546,.T.);
#3544=EDGE_CURVE('',#599,#601,#3547,.F.);
#3545=EDGE_CURVE('',#601,#603,#3548,.T.);
#3546=EDGE_CURVE('',#603,#599,#3549,.T.);
#3547=LINE('',#598,#3550);
#3548=LINE('',#600,#3551);
#3549=LINE('',#602,#3552);
#3550=VECTOR('',#3553,1.0);
#3551=VECTOR('',#3554,1.0);
#3552=VECTOR('',#3555,1.0);
#3553=DIRECTION('',(0.7225639224052429,0.6913040876388550,0.0000000000000000));
#3554=DIRECTION('',(-0.7166700363159180,-0.6974123120307922,0.0000000000000000));
#3555=DIRECTION('',(-0.9875994920730591,0.1569943428039551,0.0000000000000000));
#3556=STYLED_ITEM('',(#3557),#3564);
#3557=PRESENTATION_STYLE_ASSIGNMENT((#3558));
#3558=SURFACE_STYLE_USAGE(.BOTH.,#3559);
#3559=SURFACE_SIDE_STYLE('',(#3560));
#3560=SURFACE_STYLE_FILL_AREA(#3561);
#3561=FILL_AREA_STYLE('',(#3562));
#3562=FILL_AREA_STYLE_COLOUR('',#3563);
#3563=COLOUR_RGB('',0.8000000119209290,0.8000000119209290,0.8000000119209290);
#3564=FACE_SURFACE('',(#3569),#3565,.T.);
#3565=PLANE('',#3566);
#3566=AXIS2_PLACEMENT_3D('',#604, #3567,#3568);
#3567=DIRECTION('',(1.0000000000000000,0.0000000000000000,0.0000000000000000));
#3568=DIRECTION('',(0.9247817397117615,-0.3804979622364044,0.0000000000000000));
#3569=FACE_BOUND('',#3570,.T.);
#3570=EDGE_LOOP('',(#3571,#3572,#3573));
#3571=ORIENTED_EDGE('',*,*,#3574,.T.);
#3572=ORIENTED_EDGE('',*,*,#3575,.T.);
#3573=ORIENTED_EDGE('',*,*,#3576,.T.);
#3574=EDGE_CURVE('',#605,#607,#3577,.F.);
#3575=EDGE_CURVE('',#607,#609,#3578,.T.);
#3576=EDGE_CURVE('',#609,#605,#3579,.T.);
#3577=LINE('',#604,#3580);
#3578=LINE('',#606,#3581);
#3579=LINE('',#608,#3582);
#3580=VECTOR('',#3583,1.0);
#3581=VECTOR('',#3584,1.0);
#3582=VECTOR('',#3585,1.0);
#3583=DIRECTION('',(1.0000000000000000,0.0000000000000000,0.0000000000000000));
#3584=DIRECTION('',(-0.7266839742660522,-0.6869719028472900,0.0000000000000000));
#3585=DIRECTION('',(-0.9247817397117615,0.3804979622364044,0.0000000000000000));
#3586=STYLED_ITEM('',(#3587),#3594);
#3587=PRESENTATION_STYLE_ASSIGNMENT((#3588));
#3588=SURFACE_STYLE_USAGE(.BOTH.,#3589);
#3589=SURFACE_SIDE_STYLE('',(#3590));
#3590=SURFACE_STYLE_FILL_AREA(#3591);
#3591=FILL_AREA_STYLE('',(#3592));
#3592=FILL_AREA_STYLE_COLOUR('',#3593);
#3593=COLOUR_RGB('',0.8000000119209290,0.8000000119209290,0.8000000119209290);
#3594=FACE_SURFACE('',(#3599),#3595,.T.);
#3595=PLANE('',#3596);
#3596=AXIS2_PLACEMENT_3D('',#610, #3597,#3598);
#3597=DIRECTION('',(-0.9875993132591248,-0.1569954156875610,0.0000000000000000));
#3598=DIRECTION('',(0.7225639224052429,0.6913040876388550,0.0000000000000000));
#3599=FACE_BOUND('',#3600,.T.);
#3600=EDGE_LOOP('',(#3601,#3602,#3603));
#3601=ORIENTED_EDGE('',*,*,#3604,.T.);
#3602=ORIENTED_EDGE('',*,*,#3605,.T.);
#3603=ORIENTED_EDGE('',*,*,#3606,.T.);
#3604=EDGE_CURVE('',#611,#613,#3607,.F.);
#3605=EDGE_CURVE('',#613,#615,#3608,.T.);
#3606=EDGE_CURVE('',#615,#611,#3609,.T.);
#3607=LINE('',#610,#3610);
#3608=LINE('',#612,#3611);
#3609=LINE('',#614,#3612);
#3610=VECTOR('',#3613,1.0);
#3611=VECTOR('',#3614,1.0);
#3612=VECTOR('',#3615,1.0);
#3613=DIRECTION('',(-0.9875993132591248,-0.1569954156875610,0.0000000000000000));
#3614=DIRECTION('',(0.7266839742660522,0.6869719028472900,0.0000000000000000));
#3615=DIRECTION('',(-0.7225639224052429,-0.6913040876388550,0.0000000000000000));
#3616=STYLED_ITEM('',(#3617),#3624);
#3617=PRESENTATION_STYLE_ASSIGNMENT((#3618));
#3618=SURFACE_STYLE_USAGE(.BOTH.,#3619);
#3619=SURFACE_SIDE_STYLE('',(#3620));
#3620=SURFACE_STYLE_FILL_AREA(#3621);
#3621=FILL_AREA_STYLE('',(#3622));
#3622=FILL_AREA_STYLE_COLOUR('',#3623);
#3623=COLOUR_RGB('',0.8000000119209290,0.8000000119209290,0.8000000119209290);
#3624=FACE_SURFACE('',(#3629),#3625,.T.);
#3625=PLANE('',#3626);
#3626=AXIS2_PLACEMENT_3D('',#616, #3627,#3628);
#3627=DIRECTION('',(0.4534078538417816,0.8913031816482544,0.0000000000000000));
#3628=DIRECTION('',(0.7019867300987244,-0.7121900320053101,0.0000000000000000));
#3629=FACE_BOUND('',#3630,.T.);
#3630=EDGE_LOOP('',(#3631,#3632,#3633));
#3631=ORIENTED_EDGE('',*,*,#3634,.T.);
#3632=ORIENTED_EDGE('',*,*,#3635,.T.);
#3633=ORIENTED_EDGE('',*,*,#3636,.T.);
#3634=EDGE_CURVE('',#617,#619,#3637,.F.);
#3635=EDGE_CURVE('',#619,#621,#3638,.T.);
#3636=EDGE_CURVE('',#621,#617,#3639,.T.);
#3637=LINE('',#616,#3640);
#3638=LINE('',#618,#3641);
#3639=LINE('',#620,#3642);
#3640=VECTOR('',#3643,1.0);
#3641=VECTOR('',#3644,1.0);
#3642=VECTOR('',#3645,1.0);
#3643=DIRECTION('',(0.4534078538417816,0.8913031816482544,0.0000000000000000));
#3644=DIRECTION('',(0.6947450637817383,-0.7192561030387878,0.0000000000000000));
#3645=DIRECTION('',(-0.7019867300987244,0.7121900320053101,0.0000000000000000));
#3646=STYLED_ITEM('',(#3647),#3654);
#3647=PRESENTATION_STYLE_ASSIGNMENT((#3648));
#3648=SURFACE_STYLE_USAGE(.BOTH.,#3649);
#3649=SURFACE_SIDE_STYLE('',(#3650));
#3650=SURFACE_STYLE_FILL_AREA(#3651);
#3651=FILL_AREA_STYLE('',(#3652));
#3652=FILL_AREA_STYLE_COLOUR('',#3653);
#3653=COLOUR_RGB('',0.8000000119209290,0.8000000119209290,0.8000000119209290);
#3654=FACE_SURFACE('',(#3659),#3655,.T.);
#3655=PLANE('',#3656);
#3656=AXIS2_PLACEMENT_3D('',#622, #3657,#3658);
#3657=DIRECTION('',(0.6947450637817383,0.7192561030387878,0.0000000000000000));
#3658=DIRECTION('',(0.1569977402687073,-0.9875989556312561,0.0000000000000000));
#3659=FACE_BOUND('',#3660,.T.);
#3660=EDGE_LOOP('',(#3661,#3662,#3663));
#3661=ORIENTED_EDGE('',*,*,#3664,.T.);
#3662=ORIENTED_EDGE('',*,*,#3665,.T.);
#3663=ORIENTED_EDGE('',*,*,#3666,.T.);
#3664=EDGE_CURVE('',#623,#625,#3667,.F.);
#3665=EDGE_CURVE('',#625,#627,#3668,.T.);
#3666=EDGE_CURVE('',#627,#623,#3669,.T.);
#3667=LINE('',#622,#3670);
#3668=LINE('',#624,#3671);
#3669=LINE('',#626,#3672);
#3670=VECTOR('',#3673,1.0);
#3671=VECTOR('',#3674,1.0);
#3672=VECTOR('',#3675,1.0);
#3673=DIRECTION('',(0.6947450637817383,0.7192561030387878,0.0000000000000000));
#3674=DIRECTION('',(-0.6886325478553772,-0.7251104712486267,0.0000000000000000));
#3675=DIRECTION('',(-0.1569977402687073,0.9875989556312561,0.0000000000000000));
#3676=STYLED_ITEM('',(#3677),#3684);
#3677=PRESENTATION_STYLE_ASSIGNMENT((#3678));
#3678=SURFACE_STYLE_USAGE(.BOTH.,#3679);
#3679=SURFACE_SIDE_STYLE('',(#3680));
#3680=SURFACE_STYLE_FILL_AREA(#3681);
#3681=FILL_AREA_STYLE('',(#3682));
#3682=FILL_AREA_STYLE_COLOUR('',#3683);
#3683=COLOUR_RGB('',0.8000000119209290,0.8000000119209290,0.8000000119209290);
#3684=FACE_SURFACE('',(#3689),#3685,.T.);
#3685=PLANE('',#3686);
#3686=AXIS2_PLACEMENT_3D('',#628, #3687,#3688);
#3687=DIRECTION('',(0.7095679044723511,0.7046370506286621,0.0000000000000000));
#3688=DIRECTION('',(0.7071041464805603,-0.7071093916893005,0.0000000000000000));
#3689=FACE_BOUND('',#3690,.T.);
#3690=EDGE_LOOP('',(#3691,#3692,#3693));
#3691=ORIENTED_EDGE('',*,*,#3694,.T.);
#3692=ORIENTED_EDGE('',*,*,#3695,.T.);
#3693=ORIENTED_EDGE('',*,*,#3696,.T.);
#3694=EDGE_CURVE('',#629,#631,#3697,.F.);
#3695=EDGE_CURVE('',#631,#633,#3698,.T.);
#3696=EDGE_CURVE('',#633,#629,#3699,.T.);
#3697=LINE('',#628,#3700);
#3698=LINE('',#630,#3701);
#3699=LINE('',#632,#3702);
#3700=VECTOR('',#3703,1.0);
#3701=VECTOR('',#3704,1.0);
#3702=VECTOR('',#3705,1.0);
#3703=DIRECTION('',(0.7095679044723511,0.7046370506286621,0.0000000000000000));
#3704=DIRECTION('',(-0.7019867300987244,-0.7121900320053101,0.0000000000000000));
#3705=DIRECTION('',(-0.7071041464805603,0.7071093916893005,0.0000000000000000));
#3706=STYLED_ITEM('',(#3707),#3714);
#3707=PRESENTATION_STYLE_ASSIGNMENT((#3708));
#3708=SURFACE_STYLE_USAGE(.BOTH.,#3709);
#3709=SURFACE_SIDE_STYLE('',(#3710));
#3710=SURFACE_STYLE_FILL_AREA(#3711);
#3711=FILL_AREA_STYLE('',(#3712));
#3712=FILL_AREA_STYLE_COLOUR('',#3713);
#3713=COLOUR_RGB('',0.8000000119209290,0.8000000119209290,0.8000000119209290);
#3714=FACE_SURFACE('',(#3719),#3715,.T.);
#3715=PLANE('',#3716);
#3716=AXIS2_PLACEMENT_3D('',#634, #3717,#3718);
#3717=DIRECTION('',(-0.8913049101829529,0.4534043669700623,0.0000000000000000));
#3718=DIRECTION('',(0.7095679044723511,0.7046370506286621,0.0000000000000000));
#3719=FACE_BOUND('',#3720,.T.);
#3720=EDGE_LOOP('',(#3721,#3722,#3723));
#3721=ORIENTED_EDGE('',*,*,#3724,.T.);
#3722=ORIENTED_EDGE('',*,*,#3725,.T.);
#3723=ORIENTED_EDGE('',*,*,#3726,.T.);
#3724=EDGE_CURVE('',#635,#637,#3727,.F.);
#3725=EDGE_CURVE('',#637,#639,#3728,.T.);
#3726=EDGE_CURVE('',#639,#635,#3729,.T.);
#3727=LINE('',#634,#3730);
#3728=LINE('',#636,#3731);
#3729=LINE('',#638,#3732);
#3730=VECTOR('',#3733,1.0);
#3731=VECTOR('',#3734,1.0);
#3732=VECTOR('',#3735,1.0);
#3733=DIRECTION('',(-0.8913049101829529,0.4534043669700623,0.0000000000000000));
#3734=DIRECTION('',(0.7166700363159180,0.6974123120307922,0.0000000000000000));
#3735=DIRECTION('',(-0.7095679044723511,-0.7046370506286621,0.0000000000000000));
#3736=STYLED_ITEM('',(#3737),#3744);
#3737=PRESENTATION_STYLE_ASSIGNMENT((#3738));
#3738=SURFACE_STYLE_USAGE(.BOTH.,#3739);
#3739=SURFACE_SIDE_STYLE('',(#3740));
#3740=SURFACE_STYLE_FILL_AREA(#3741);
#3741=FILL_AREA_STYLE('',(#3742));
#3742=FILL_AREA_STYLE_COLOUR('',#3743);
#3743=COLOUR_RGB('',0.8000000119209290,0.8000000119209290,0.8000000119209290);
#3744=FACE_SURFACE('',(#3749),#3745,.T.);
#3745=PLANE('',#3746);
#3746=AXIS2_PLACEMENT_3D('',#640, #3747,#3748);
#3747=DIRECTION('',(-0.6886325478553772,0.7251104712486267,0.0000000000000000));
#3748=DIRECTION('',(0.0000000000000000,1.0000000000000000,0.0000000000000000));
#3749=FACE_BOUND('',#3750,.T.);
#3750=EDGE_LOOP('',(#3751,#3752,#3753));
#3751=ORIENTED_EDGE('',*,*,#3754,.T.);
#3752=ORIENTED_EDGE('',*,*,#3755,.T.);
#3753=ORIENTED_EDGE('',*,*,#3756,.T.);
#3754=EDGE_CURVE('',#641,#643,#3757,.F.);
#3755=EDGE_CURVE('',#643,#645,#3758,.T.);
#3756=EDGE_CURVE('',#645,#641,#3759,.T.);
#3757=LINE('',#640,#3760);
#3758=LINE('',#642,#3761);
#3759=LINE('',#644,#3762);
#3760=VECTOR('',#3763,1.0);
#3761=VECTOR('',#3764,1.0);
#3762=VECTOR('',#3765,1.0);
#3763=DIRECTION('',(-0.6886325478553772,0.7251104712486267,0.0000000000000000));
#3764=DIRECTION('',(0.6886325478553772,0.7251104712486267,0.0000000000000000));
#3765=DIRECTION('',(0.0000000000000000,-1.0000000000000000,0.0000000000000000));
#3766=STYLED_ITEM('',(#3767),#3774);
#3767=PRESENTATION_STYLE_ASSIGNMENT((#3768));
#3768=SURFACE_STYLE_USAGE(.BOTH.,#3769);
#3769=SURFACE_SIDE_STYLE('',(#3770));
#3770=SURFACE_STYLE_FILL_AREA(#3771);
#3771=FILL_AREA_STYLE('',(#3772));
#3772=FILL_AREA_STYLE_COLOUR('',#3773);
#3773=COLOUR_RGB('',0.8000000119209290,0.8000000119209290,0.8000000119209290);
#3774=FACE_SURFACE('',(#3779),#3775,.T.);
#3775=PLANE('',#3776);
#3776=AXIS2_PLACEMENT_3D('',#646, #3777,#3778);
#3777=DIRECTION('',(0.4534022808074951,-0.8913059234619141,0.0000000000000000));
#3778=DIRECTION('',(-0.9447144865989685,-0.3278940618038177,0.0000000000000000));
#3779=FACE_BOUND('',#3780,.T.);
#3780=EDGE_LOOP('',(#3781,#3782,#3783));
#3781=ORIENTED_EDGE('',*,*,#3784,.T.);
#3782=ORIENTED_EDGE('',*,*,#3785,.T.);
#3783=ORIENTED_EDGE('',*,*,#3786,.T.);
#3784=EDGE_CURVE('',#647,#649,#3787,.F.);
#3785=EDGE_CURVE('',#649,#651,#3788,.T.);
#3786=EDGE_CURVE('',#651,#647,#3789,.T.);
#3787=LINE('',#646,#3790);
#3788=LINE('',#648,#3791);
#3789=LINE('',#650,#3792);
#3790=VECTOR('',#3793,1.0);
#3791=VECTOR('',#3794,1.0);
#3792=VECTOR('',#3795,1.0);
#3793=DIRECTION('',(0.4534022808074951,-0.8913059234619141,0.0000000000000000));
#3794=DIRECTION('',(-0.9470950961112976,-0.3209531009197235,0.0000000000000000));
#3795=DIRECTION('',(0.9447144865989685,0.3278940618038177,0.0000000000000000));
#3796=STYLED_ITEM('',(#3797),#3804);
#3797=PRESENTATION_STYLE_ASSIGNMENT((#3798));
#3798=SURFACE_STYLE_USAGE(.BOTH.,#3799);
#3799=SURFACE_SIDE_STYLE('',(#3800));
#3800=SURFACE_STYLE_FILL_AREA(#3801);
#3801=FILL_AREA_STYLE('',(#3802));
#3802=FILL_AREA_STYLE_COLOUR('',#3803);
#3803=COLOUR_RGB('',0.8000000119209290,0.8000000119209290,0.8000000119209290);
#3804=FACE_SURFACE('',(#3809),#3805,.T.);
#3805=PLANE('',#3806);
#3806=AXIS2_PLACEMENT_3D('',#652, #3807,#3808);
#3807=DIRECTION('',(0.9877404570579529,-0.1561054587364197,0.0000000000000000));
#3808=DIRECTION('',(-0.8926312327384949,-0.4507876932621002,0.0000000000000000));
#3809=FACE_BOUND('',#3810,.T.);
#3810=EDGE_LOOP('',(#3811,#3812,#3813));
#3811=ORIENTED_EDGE('',*,*,#3814,.T.);
#3812=ORIENTED_EDGE('',*,*,#3815,.T.);
#3813=ORIENTED_EDGE('',*,*,#3816,.T.);
#3814=EDGE_CURVE('',#653,#655,#3817,.F.);
#3815=EDGE_CURVE('',#655,#657,#3818,.T.);
#3816=EDGE_CURVE('',#657,#653,#3819,.T.);
#3817=LINE('',#652,#3820);
#3818=LINE('',#654,#3821);
#3819=LINE('',#656,#3822);
#3820=VECTOR('',#3823,1.0);
#3821=VECTOR('',#3824,1.0);
#3822=VECTOR('',#3825,1.0);
#3823=DIRECTION('',(0.9877404570579529,-0.1561054587364197,0.0000000000000000));
#3824=DIRECTION('',(-0.8944296836853027,-0.4472086429595947,0.0000000000000000));
#3825=DIRECTION('',(0.8926312327384949,0.4507876932621002,0.0000000000000000));
#3826=STYLED_ITEM('',(#3827),#3834);
#3827=PRESENTATION_STYLE_ASSIGNMENT((#3828));
#3828=SURFACE_STYLE_USAGE(.BOTH.,#3829);
#3829=SURFACE_SIDE_STYLE('',(#3830));
#3830=SURFACE_STYLE_FILL_AREA(#3831);
#3831=FILL_AREA_STYLE('',(#3832));
#3832=FILL_AREA_STYLE_COLOUR('',#3833);
#3833=COLOUR_RGB('',0.8000000119209290,0.8000000119209290,0.8000000119209290);
#3834=FACE_SURFACE('',(#3839),#3835,.T.);
#3835=PLANE('',#3836);
#3836=AXIS2_PLACEMENT_3D('',#658, #3837,#3838);
#3837=DIRECTION('',(-1.0000000000000000,0.0000000000000000,0.0000000000000000));
#3838=DIRECTION('',(-0.7225591540336609,0.6913091540336609,0.0000000000000000));
#3839=FACE_BOUND('',#3840,.T.);
#3840=EDGE_LOOP('',(#3841,#3842,#3843));
#3841=ORIENTED_EDGE('',*,*,#3844,.T.);
#3842=ORIENTED_EDGE('',*,*,#3845,.T.);
#3843=ORIENTED_EDGE('',*,*,#3846,.T.);
#3844=EDGE_CURVE('',#659,#661,#3847,.F.);
#3845=EDGE_CURVE('',#661,#663,#3848,.T.);
#3846=EDGE_CURVE('',#663,#659,#3849,.T.);
#3847=LINE('',#658,#3850);
#3848=LINE('',#660,#3851);
#3849=LINE('',#662,#3852);
#3850=VECTOR('',#3853,1.0);
#3851=VECTOR('',#3854,1.0);
#3852=VECTOR('',#3855,1.0);
#3853=DIRECTION('',(-1.0000000000000000,0.0000000000000000,0.0000000000000000));
#3854=DIRECTION('',(0.8944296836853027,0.4472086429595947,0.0000000000000000));
#3855=DIRECTION('',(0.7225591540336609,-0.6913091540336609,0.0000000000000000));
#3856=STYLED_ITEM('',(#3857),#3864);
#3857=PRESENTATION_STYLE_ASSIGNMENT((#3858));
#3858=SURFACE_STYLE_USAGE(.BOTH.,#3859);
#3859=SURFACE_SIDE_STYLE('',(#3860));
#3860=SURFACE_STYLE_FILL_AREA(#3861);
#3861=FILL_AREA_STYLE('',(#3862));
#3862=FILL_AREA_STYLE_COLOUR('',#3863);
#3863=COLOUR_RGB('',0.8000000119209290,0.8000000119209290,0.8000000119209290);
#3864=FACE_SURFACE('',(#3869),#3865,.T.);
#3865=PLANE('',#3866);
#3866=AXIS2_PLACEMENT_3D('',#664, #3867,#3868);
#3867=DIRECTION('',(0.9877406358718872,0.1561043858528137,0.0000000000000000));
#3868=DIRECTION('',(0.7225591540336609,-0.6913091540336609,0.0000000000000000));
#3869=FACE_BOUND('',#3870,.T.);
#3870=EDGE_LOOP('',(#3871,#3872,#3873));
#3871=ORIENTED_EDGE('',*,*,#3874,.T.);
#3872=ORIENTED_EDGE('',*,*,#3875,.T.);
#3873=ORIENTED_EDGE('',*,*,#3876,.T.);
#3874=EDGE_CURVE('',#665,#667,#3877,.F.);
#3875=EDGE_CURVE('',#667,#669,#3878,.T.);
#3876=EDGE_CURVE('',#669,#665,#3879,.T.);
#3877=LINE('',#664,#3880);
#3878=LINE('',#666,#3881);
#3879=LINE('',#668,#3882);
#3880=VECTOR('',#3883,1.0);
#3881=VECTOR('',#3884,1.0);
#3882=VECTOR('',#3885,1.0);
#3883=DIRECTION('',(0.9877406358718872,0.1561043858528137,0.0000000000000000));
#3884=DIRECTION('',(0.7166700363159180,-0.6974123120307922,0.0000000000000000));
#3885=DIRECTION('',(-0.7225591540336609,0.6913091540336609,0.0000000000000000));
#3886=STYLED_ITEM('',(#3887),#3894);
#3887=PRESENTATION_STYLE_ASSIGNMENT((#3888));
#3888=SURFACE_STYLE_USAGE(.BOTH.,#3889);
#3889=SURFACE_SIDE_STYLE('',(#3890));
#3890=SURFACE_STYLE_FILL_AREA(#3891);
#3891=FILL_AREA_STYLE('',(#3892));
#3892=FILL_AREA_STYLE_COLOUR('',#3893);
#3893=COLOUR_RGB('',0.8000000119209290,0.8000000119209290,0.8000000119209290);
#3894=FACE_SURFACE('',(#3899),#3895,.T.);
#3895=PLANE('',#3896);
#3896=AXIS2_PLACEMENT_3D('',#670, #3897,#3898);
#3897=DIRECTION('',(-0.9488524198532104,-0.3157199621200562,0.0000000000000000));
#3898=DIRECTION('',(0.8913049101829529,-0.4534043669700623,0.0000000000000000));
#3899=FACE_BOUND('',#3900,.T.);
#3900=EDGE_LOOP('',(#3901,#3902,#3903));
#3901=ORIENTED_EDGE('',*,*,#3904,.T.);
#3902=ORIENTED_EDGE('',*,*,#3905,.T.);
#3903=ORIENTED_EDGE('',*,*,#3906,.T.);
#3904=EDGE_CURVE('',#671,#673,#3907,.F.);
#3905=EDGE_CURVE('',#673,#675,#3908,.T.);
#3906=EDGE_CURVE('',#675,#671,#3909,.T.);
#3907=LINE('',#670,#3910);
#3908=LINE('',#672,#3911);
#3909=LINE('',#674,#3912);
#3910=VECTOR('',#3913,1.0);
#3911=VECTOR('',#3914,1.0);
#3912=VECTOR('',#3915,1.0);
#3913=DIRECTION('',(-0.9488524198532104,-0.3157199621200562,0.0000000000000000));
#3914=DIRECTION('',(0.9562460184097290,0.2925636768341064,0.0000000000000000));
#3915=DIRECTION('',(-0.8913049101829529,0.4534043669700623,0.0000000000000000));
#3916=STYLED_ITEM('',(#3917),#3924);
#3917=PRESENTATION_STYLE_ASSIGNMENT((#3918));
#3918=SURFACE_STYLE_USAGE(.BOTH.,#3919);
#3919=SURFACE_SIDE_STYLE('',(#3920));
#3920=SURFACE_STYLE_FILL_AREA(#3921);
#3921=FILL_AREA_STYLE('',(#3922));
#3922=FILL_AREA_STYLE_COLOUR('',#3923);
#3923=COLOUR_RGB('',0.8000000119209290,0.8000000119209290,0.8000000119209290);
#3924=FACE_SURFACE('',(#3929),#3925,.T.);
#3925=PLANE('',#3926);
#3926=AXIS2_PLACEMENT_3D('',#676, #3927,#3928);
#3927=DIRECTION('',(0.8632315993309021,-0.5048081278800964,0.0000000000000000));
#3928=DIRECTION('',(0.9562460184097290,0.2925636768341064,0.0000000000000000));
#3929=FACE_BOUND('',#3930,.T.);
#3930=EDGE_LOOP('',(#3931,#3932,#3933));
#3931=ORIENTED_EDGE('',*,*,#3934,.T.);
#3932=ORIENTED_EDGE('',*,*,#3935,.T.);
#3933=ORIENTED_EDGE('',*,*,#3936,.T.);
#3934=EDGE_CURVE('',#677,#679,#3937,.F.);
#3935=EDGE_CURVE('',#679,#681,#3938,.T.);
#3936=EDGE_CURVE('',#681,#677,#3939,.T.);
#3937=LINE('',#676,#3940);
#3938=LINE('',#678,#3941);
#3939=LINE('',#680,#3942);
#3940=VECTOR('',#3943,1.0);
#3941=VECTOR('',#3944,1.0);
#3942=VECTOR('',#3945,1.0);
#3943=DIRECTION('',(0.8632315993309021,-0.5048081278800964,0.0000000000000000));
#3944=DIRECTION('',(-0.7266839742660522,0.6869719028472900,0.0000000000000000));
#3945=DIRECTION('',(-0.9562460184097290,-0.2925636768341064,0.0000000000000000));
#3946=STYLED_ITEM('',(#3947),#3954);
#3947=PRESENTATION_STYLE_ASSIGNMENT((#3948));
#3948=SURFACE_STYLE_USAGE(.BOTH.,#3949);
#3949=SURFACE_SIDE_STYLE('',(#3950));
#3950=SURFACE_STYLE_FILL_AREA(#3951);
#3951=FILL_AREA_STYLE('',(#3952));
#3952=FILL_AREA_STYLE_COLOUR('',#3953);
#3953=COLOUR_RGB('',0.8000000119209290,0.8000000119209290,0.8000000119209290);
#3954=FACE_SURFACE('',(#3959),#3955,.T.);
#3955=PLANE('',#3956);
#3956=AXIS2_PLACEMENT_3D('',#682, #3957,#3958);
#3957=DIRECTION('',(-0.9383392333984375,-0.3457159399986267,0.0000000000000000));
#3958=DIRECTION('',(0.7071076631546021,-0.7071059346199036,0.0000000000000000));
#3959=FACE_BOUND('',#3960,.T.);
#3960=EDGE_LOOP('',(#3961,#3962,#3963));
#3961=ORIENTED_EDGE('',*,*,#3964,.T.);
#3962=ORIENTED_EDGE('',*,*,#3965,.T.);
#3963=ORIENTED_EDGE('',*,*,#3966,.T.);
#3964=EDGE_CURVE('',#683,#685,#3967,.F.);
#3965=EDGE_CURVE('',#685,#687,#3968,.T.);
#3966=EDGE_CURVE('',#687,#683,#3969,.T.);
#3967=LINE('',#682,#3970);
#3968=LINE('',#684,#3971);
#3969=LINE('',#686,#3972);
#3970=VECTOR('',#3973,1.0);
#3971=VECTOR('',#3974,1.0);
#3972=VECTOR('',#3975,1.0);
#3973=DIRECTION('',(-0.9383392333984375,-0.3457159399986267,0.0000000000000000));
#3974=DIRECTION('',(0.9488524198532104,0.3157199621200562,0.0000000000000000));
#3975=DIRECTION('',(-0.7071076631546021,0.7071059346199036,0.0000000000000000));
#3976=STYLED_ITEM('',(#3977),#3984);
#3977=PRESENTATION_STYLE_ASSIGNMENT((#3978));
#3978=SURFACE_STYLE_USAGE(.BOTH.,#3979);
#3979=SURFACE_SIDE_STYLE('',(#3980));
#3980=SURFACE_STYLE_FILL_AREA(#3981);
#3981=FILL_AREA_STYLE('',(#3982));
#3982=FILL_AREA_STYLE_COLOUR('',#3983);
#3983=COLOUR_RGB('',0.8000000119209290,0.8000000119209290,0.8000000119209290);
#3984=FACE_SURFACE('',(#3989),#3985,.T.);
#3985=PLANE('',#3986);
#3986=AXIS2_PLACEMENT_3D('',#688, #3987,#3988);
#3987=DIRECTION('',(-0.9255028963088989,-0.3787404894828796,0.0000000000000000));
#3988=DIRECTION('',(0.4534022808074951,-0.8913059234619141,0.0000000000000000));
#3989=FACE_BOUND('',#3990,.T.);
#3990=EDGE_LOOP('',(#3991,#3992,#3993));
#3991=ORIENTED_EDGE('',*,*,#3994,.T.);
#3992=ORIENTED_EDGE('',*,*,#3995,.T.);
#3993=ORIENTED_EDGE('',*,*,#3996,.T.);
#3994=EDGE_CURVE('',#689,#691,#3997,.F.);
#3995=EDGE_CURVE('',#691,#693,#3998,.T.);
#3996=EDGE_CURVE('',#693,#689,#3999,.T.);
#3997=LINE('',#688,#4000);
#3998=LINE('',#690,#4001);
#3999=LINE('',#692,#4002);
#4000=VECTOR('',#4003,1.0);
#4001=VECTOR('',#4004,1.0);
#4002=VECTOR('',#4005,1.0);
#4003=DIRECTION('',(-0.9255028963088989,-0.3787404894828796,0.0000000000000000));
#4004=DIRECTION('',(0.9383392333984375,0.3457159399986267,0.0000000000000000));
#4005=DIRECTION('',(-0.4534022808074951,0.8913059234619141,0.0000000000000000));
#4006=STYLED_ITEM('',(#4007),#4014);
#4007=PRESENTATION_STYLE_ASSIGNMENT((#4008));
#4008=SURFACE_STYLE_USAGE(.BOTH.,#4009);
#4009=SURFACE_SIDE_STYLE('',(#4010));
#4010=SURFACE_STYLE_FILL_AREA(#4011);
#4011=FILL_AREA_STYLE('',(#4012));
#4012=FILL_AREA_STYLE_COLOUR('',#4013);
#4013=COLOUR_RGB('',0.8000000119209290,0.8000000119209290,0.8000000119209290);
#4014=FACE_SURFACE('',(#4019),#4015,.T.);
#4015=PLANE('',#4016);
#4016=AXIS2_PLACEMENT_3D('',#694, #4017,#4018);
#4017=DIRECTION('',(0.0000000000000000,-1.0000000000000000,0.0000000000000000));
#4018=DIRECTION('',(0.9119287133216858,-0.4103486239910126,0.0000000000000000));
#4019=FACE_BOUND('',#4020,.T.);
#4020=EDGE_LOOP('',(#4021,#4022,#4023));
#4021=ORIENTED_EDGE('',*,*,#4024,.T.);
#4022=ORIENTED_EDGE('',*,*,#4025,.T.);
#4023=ORIENTED_EDGE('',*,*,#4026,.T.);
#4024=EDGE_CURVE('',#695,#697,#4027,.F.);
#4025=EDGE_CURVE('',#697,#699,#4028,.T.);
#4026=EDGE_CURVE('',#699,#695,#4029,.T.);
#4027=LINE('',#694,#4030);
#4028=LINE('',#696,#4031);
#4029=LINE('',#698,#4032);
#4030=VECTOR('',#4033,1.0);
#4031=VECTOR('',#4034,1.0);
#4032=VECTOR('',#4035,1.0);
#4033=DIRECTION('',(0.0000000000000000,-1.0000000000000000,0.0000000000000000));
#4034=DIRECTION('',(0.9119287133216858,0.4103486239910126,0.0000000000000000));
#4035=DIRECTION('',(-0.9119287133216858,0.4103486239910126,0.0000000000000000));
#4036=STYLED_ITEM('',(#4037),#4044);
#4037=PRESENTATION_STYLE_ASSIGNMENT((#4038));
#4038=SURFACE_STYLE_USAGE(.BOTH.,#4039);
#4039=SURFACE_SIDE_STYLE('',(#4040));
#4040=SURFACE_STYLE_FILL_AREA(#4041);
#4041=FILL_AREA_STYLE('',(#4042));
#4042=FILL_AREA_STYLE_COLOUR('',#4043);
#4043=COLOUR_RGB('',0.8000000119209290,0.8000000119209290,0.8000000119209290);
#4044=FACE_SURFACE('',(#4049),#4045,.T.);
#4045=PLANE('',#4046);
#4046=AXIS2_PLACEMENT_3D('',#700, #4047,#4048);
#4047=DIRECTION('',(0.1561077833175659,0.9877400994300842,0.0000000000000000));
#4048=DIRECTION('',(-0.9119287133216858,0.4103486239910126,0.0000000000000000));
#4049=FACE_BOUND('',#4050,.T.);
#4050=EDGE_LOOP('',(#4051,#4052,#4053));
#4051=ORIENTED_EDGE('',*,*,#4054,.T.);
#4052=ORIENTED_EDGE('',*,*,#4055,.T.);
#4053=ORIENTED_EDGE('',*,*,#4056,.T.);
#4054=EDGE_CURVE('',#701,#703,#4057,.F.);
#4055=EDGE_CURVE('',#703,#705,#4058,.T.);
#4056=EDGE_CURVE('',#705,#701,#4059,.T.);
#4057=LINE('',#700,#4060);
#4058=LINE('',#702,#4061);
#4059=LINE('',#704,#4062);
#4060=VECTOR('',#4063,1.0);
#4061=VECTOR('',#4064,1.0);
#4062=VECTOR('',#4065,1.0);
#4063=DIRECTION('',(0.1561077833175659,0.9877400994300842,0.0000000000000000));
#4064=DIRECTION('',(-0.9255028963088989,0.3787405192852020,0.0000000000000000));
#4065=DIRECTION('',(0.9119287133216858,-0.4103486239910126,0.0000000000000000));
#4066=STYLED_ITEM('',(#4067),#4074);
#4067=PRESENTATION_STYLE_ASSIGNMENT((#4068));
#4068=SURFACE_STYLE_USAGE(.BOTH.,#4069);
#4069=SURFACE_SIDE_STYLE('',(#4070));
#4070=SURFACE_STYLE_FILL_AREA(#4071);
#4071=FILL_AREA_STYLE('',(#4072));
#4072=FILL_AREA_STYLE_COLOUR('',#4073);
#4073=COLOUR_RGB('',0.8000000119209290,0.8000000119209290,0.8000000119209290);
#4074=FACE_SURFACE('',(#4079),#4075,.T.);
#4075=PLANE('',#4076);
#4076=AXIS2_PLACEMENT_3D('',#706, #4077,#4078);
#4077=DIRECTION('',(0.4534078538417816,-0.8913031816482544,0.0000000000000000));
#4078=DIRECTION('',(0.7019867300987244,0.7121900320053101,0.0000000000000000));
#4079=FACE_BOUND('',#4080,.T.);
#4080=EDGE_LOOP('',(#4081,#4082,#4083));
#4081=ORIENTED_EDGE('',*,*,#4084,.T.);
#4082=ORIENTED_EDGE('',*,*,#4085,.T.);
#4083=ORIENTED_EDGE('',*,*,#4086,.T.);
#4084=EDGE_CURVE('',#707,#709,#4087,.F.);
#4085=EDGE_CURVE('',#709,#711,#4088,.T.);
#4086=EDGE_CURVE('',#711,#707,#4089,.T.);
#4087=LINE('',#706,#4090);
#4088=LINE('',#708,#4091);
#4089=LINE('',#710,#4092);
#4090=VECTOR('',#4093,1.0);
#4091=VECTOR('',#4094,1.0);
#4092=VECTOR('',#4095,1.0);
#4093=DIRECTION('',(0.4534078538417816,-0.8913031816482544,0.0000000000000000));
#4094=DIRECTION('',(0.6947450637817383,0.7192561030387878,0.0000000000000000));
#4095=DIRECTION('',(-0.7019867300987244,-0.7121900320053101,0.0000000000000000));
#4096=STYLED_ITEM('',(#4097),#4104);
#4097=PRESENTATION_STYLE_ASSIGNMENT((#4098));
#4098=SURFACE_STYLE_USAGE(.BOTH.,#4099);
#4099=SURFACE_SIDE_STYLE('',(#4100));
#4100=SURFACE_STYLE_FILL_AREA(#4101);
#4101=FILL_AREA_STYLE('',(#4102));
#4102=FILL_AREA_STYLE_COLOUR('',#4103);
#4103=COLOUR_RGB('',0.8000000119209290,0.8000000119209290,0.8000000119209290);
#4104=FACE_SURFACE('',(#4109),#4105,.T.);
#4105=PLANE('',#4106);
#4106=AXIS2_PLACEMENT_3D('',#712, #4107,#4108);
#4107=DIRECTION('',(0.6886325478553772,0.7251104712486267,0.0000000000000000));
#4108=DIRECTION('',(-0.1569977402687073,0.9875989556312561,0.0000000000000000));
#4109=FACE_BOUND('',#4110,.T.);
#4110=EDGE_LOOP('',(#4111,#4112,#4113));
#4111=ORIENTED_EDGE('',*,*,#4114,.T.);
#4112=ORIENTED_EDGE('',*,*,#4115,.T.);
#4113=ORIENTED_EDGE('',*,*,#4116,.T.);
#4114=EDGE_CURVE('',#713,#715,#4117,.F.);
#4115=EDGE_CURVE('',#715,#717,#4118,.T.);
#4116=EDGE_CURVE('',#717,#713,#4119,.T.);
#4117=LINE('',#712,#4120);
#4118=LINE('',#714,#4121);
#4119=LINE('',#716,#4122);
#4120=VECTOR('',#4123,1.0);
#4121=VECTOR('',#4124,1.0);
#4122=VECTOR('',#4125,1.0);
#4123=DIRECTION('',(0.6886325478553772,0.7251104712486267,0.0000000000000000));
#4124=DIRECTION('',(-0.6947450637817383,-0.7192561030387878,0.0000000000000000));
#4125=DIRECTION('',(0.1569977402687073,-0.9875989556312561,0.0000000000000000));
#4126=STYLED_ITEM('',(#4127),#4134);
#4127=PRESENTATION_STYLE_ASSIGNMENT((#4128));
#4128=SURFACE_STYLE_USAGE(.BOTH.,#4129);
#4129=SURFACE_SIDE_STYLE('',(#4130));
#4130=SURFACE_STYLE_FILL_AREA(#4131);
#4131=FILL_AREA_STYLE('',(#4132));
#4132=FILL_AREA_STYLE_COLOUR('',#4133);
#4133=COLOUR_RGB('',0.8000000119209290,0.8000000119209290,0.8000000119209290);
#4134=FACE_SURFACE('',(#4139),#4135,.T.);
#4135=PLANE('',#4136);
#4136=AXIS2_PLACEMENT_3D('',#718, #4137,#4138);
#4137=DIRECTION('',(0.7019867300987244,-0.7121900320053101,0.0000000000000000));
#4138=DIRECTION('',(0.4534078538417816,0.8913031816482544,0.0000000000000000));
#4139=FACE_BOUND('',#4140,.T.);
#4140=EDGE_LOOP('',(#4141,#4142,#4143));
#4141=ORIENTED_EDGE('',*,*,#4144,.T.);
#4142=ORIENTED_EDGE('',*,*,#4145,.T.);
#4143=ORIENTED_EDGE('',*,*,#4146,.T.);
#4144=EDGE_CURVE('',#719,#721,#4147,.F.);
#4145=EDGE_CURVE('',#721,#723,#4148,.T.);
#4146=EDGE_CURVE('',#723,#719,#4149,.T.);
#4147=LINE('',#718,#4150);
#4148=LINE('',#720,#4151);
#4149=LINE('',#722,#4152);
#4150=VECTOR('',#4153,1.0);
#4151=VECTOR('',#4154,1.0);
#4152=VECTOR('',#4155,1.0);
#4153=DIRECTION('',(0.7019867300987244,-0.7121900320053101,0.0000000000000000));
#4154=DIRECTION('',(-0.6947450637817383,0.7192561030387878,0.0000000000000000));
#4155=DIRECTION('',(-0.4534078538417816,-0.8913031816482544,0.0000000000000000));
#4156=STYLED_ITEM('',(#4157),#4164);
#4157=PRESENTATION_STYLE_ASSIGNMENT((#4158));
#4158=SURFACE_STYLE_USAGE(.BOTH.,#4159);
#4159=SURFACE_SIDE_STYLE('',(#4160));
#4160=SURFACE_STYLE_FILL_AREA(#4161);
#4161=FILL_AREA_STYLE('',(#4162));
#4162=FILL_AREA_STYLE_COLOUR('',#4163);
#4163=COLOUR_RGB('',0.8000000119209290,0.8000000119209290,0.8000000119209290);
#4164=FACE_SURFACE('',(#4169),#4165,.T.);
#4165=PLANE('',#4166);
#4166=AXIS2_PLACEMENT_3D('',#724, #4167,#4168);
#4167=DIRECTION('',(0.7166700363159180,-0.6974123120307922,0.0000000000000000));
#4168=DIRECTION('',(0.8913049101829529,0.4534043669700623,0.0000000000000000));
#4169=FACE_BOUND('',#4170,.T.);
#4170=EDGE_LOOP('',(#4171,#4172,#4173));
#4171=ORIENTED_EDGE('',*,*,#4174,.T.);
#4172=ORIENTED_EDGE('',*,*,#4175,.T.);
#4173=ORIENTED_EDGE('',*,*,#4176,.T.);
#4174=EDGE_CURVE('',#725,#727,#4177,.F.);
#4175=EDGE_CURVE('',#727,#729,#4178,.T.);
#4176=EDGE_CURVE('',#729,#725,#4179,.T.);
#4177=LINE('',#724,#4180);
#4178=LINE('',#726,#4181);
#4179=LINE('',#728,#4182);
#4180=VECTOR('',#4183,1.0);
#4181=VECTOR('',#4184,1.0);
#4182=VECTOR('',#4185,1.0);
#4183=DIRECTION('',(0.7166700363159180,-0.6974123120307922,0.0000000000000000));
#4184=DIRECTION('',(-0.7095679044723511,0.7046370506286621,0.0000000000000000));
#4185=DIRECTION('',(-0.8913049101829529,-0.4534043669700623,0.0000000000000000));
#4186=STYLED_ITEM('',(#4187),#4194);
#4187=PRESENTATION_STYLE_ASSIGNMENT((#4188));
#4188=SURFACE_STYLE_USAGE(.BOTH.,#4189);
#4189=SURFACE_SIDE_STYLE('',(#4190));
#4190=SURFACE_STYLE_FILL_AREA(#4191);
#4191=FILL_AREA_STYLE('',(#4192));
#4192=FILL_AREA_STYLE_COLOUR('',#4193);
#4193=COLOUR_RGB('',0.8000000119209290,0.8000000119209290,0.8000000119209290);
#4194=FACE_SURFACE('',(#4199),#4195,.T.);
#4195=PLANE('',#4196);
#4196=AXIS2_PLACEMENT_3D('',#730, #4197,#4198);
#4197=DIRECTION('',(0.7095679044723511,-0.7046370506286621,0.0000000000000000));
#4198=DIRECTION('',(0.7071041464805603,0.7071093916893005,0.0000000000000000));
#4199=FACE_BOUND('',#4200,.T.);
#4200=EDGE_LOOP('',(#4201,#4202,#4203));
#4201=ORIENTED_EDGE('',*,*,#4204,.T.);
#4202=ORIENTED_EDGE('',*,*,#4205,.T.);
#4203=ORIENTED_EDGE('',*,*,#4206,.T.);
#4204=EDGE_CURVE('',#731,#733,#4207,.F.);
#4205=EDGE_CURVE('',#733,#735,#4208,.T.);
#4206=EDGE_CURVE('',#735,#731,#4209,.T.);
#4207=LINE('',#730,#4210);
#4208=LINE('',#732,#4211);
#4209=LINE('',#734,#4212);
#4210=VECTOR('',#4213,1.0);
#4211=VECTOR('',#4214,1.0);
#4212=VECTOR('',#4215,1.0);
#4213=DIRECTION('',(0.7095679044723511,-0.7046370506286621,0.0000000000000000));
#4214=DIRECTION('',(-0.7019867300987244,0.7121900320053101,0.0000000000000000));
#4215=DIRECTION('',(-0.7071041464805603,-0.7071093916893005,0.0000000000000000));
#4216=STYLED_ITEM('',(#4217),#4224);
#4217=PRESENTATION_STYLE_ASSIGNMENT((#4218));
#4218=SURFACE_STYLE_USAGE(.BOTH.,#4219);
#4219=SURFACE_SIDE_STYLE('',(#4220));
#4220=SURFACE_STYLE_FILL_AREA(#4221);
#4221=FILL_AREA_STYLE('',(#4222));
#4222=FILL_AREA_STYLE_COLOUR('',#4223);
#4223=COLOUR_RGB('',0.8000000119209290,0.8000000119209290,0.8000000119209290);
#4224=FACE_SURFACE('',(#4229),#4225,.T.);
#4225=PLANE('',#4226);
#4226=AXIS2_PLACEMENT_3D('',#736, #4227,#4228);
#4227=DIRECTION('',(-0.6886325478553772,-0.7251104712486267,0.0000000000000000));
#4228=DIRECTION('',(0.0000000000000000,-1.0000000000000000,0.0000000000000000));
#4229=FACE_BOUND('',#4230,.T.);
#4230=EDGE_LOOP('',(#4231,#4232,#4233));
#4231=ORIENTED_EDGE('',*,*,#4234,.T.);
#4232=ORIENTED_EDGE('',*,*,#4235,.T.);
#4233=ORIENTED_EDGE('',*,*,#4236,.T.);
#4234=EDGE_CURVE('',#737,#739,#4237,.F.);
#4235=EDGE_CURVE('',#739,#741,#4238,.T.);
#4236=EDGE_CURVE('',#741,#737,#4239,.T.);
#4237=LINE('',#736,#4240);
#4238=LINE('',#738,#4241);
#4239=LINE('',#740,#4242);
#4240=VECTOR('',#4243,1.0);
#4241=VECTOR('',#4244,1.0);
#4242=VECTOR('',#4245,1.0);
#4243=DIRECTION('',(-0.6886325478553772,-0.7251104712486267,0.0000000000000000));
#4244=DIRECTION('',(0.6886325478553772,-0.7251104712486267,0.0000000000000000));
#4245=DIRECTION('',(0.0000000000000000,1.0000000000000000,0.0000000000000000));
#4246=STYLED_ITEM('',(#4247),#4254);
#4247=PRESENTATION_STYLE_ASSIGNMENT((#4248));
#4248=SURFACE_STYLE_USAGE(.BOTH.,#4249);
#4249=SURFACE_SIDE_STYLE('',(#4250));
#4250=SURFACE_STYLE_FILL_AREA(#4251);
#4251=FILL_AREA_STYLE('',(#4252));
#4252=FILL_AREA_STYLE_COLOUR('',#4253);
#4253=COLOUR_RGB('',0.8000000119209290,0.8000000119209290,0.8000000119209290);
#4254=FACE_SURFACE('',(#4259),#4255,.T.);
#4255=PLANE('',#4256);
#4256=AXIS2_PLACEMENT_3D('',#742, #4257,#4258);
#4257=DIRECTION('',(-0.7166700363159180,0.6974123120307922,0.0000000000000000));
#4258=DIRECTION('',(-0.7225591540336609,0.6913091540336609,0.0000000000000000));
#4259=FACE_BOUND('',#4260,.T.);
#4260=EDGE_LOOP('',(#4261,#4262,#4263));
#4261=ORIENTED_EDGE('',*,*,#4264,.T.);
#4262=ORIENTED_EDGE('',*,*,#4265,.T.);
#4263=ORIENTED_EDGE('',*,*,#4266,.T.);
#4264=EDGE_CURVE('',#743,#745,#4267,.F.);
#4265=EDGE_CURVE('',#745,#747,#4268,.T.);
#4266=EDGE_CURVE('',#747,#743,#4269,.T.);
#4267=LINE('',#742,#4270);
#4268=LINE('',#744,#4271);
#4269=LINE('',#746,#4272);
#4270=VECTOR('',#4273,1.0);
#4271=VECTOR('',#4274,1.0);
#4272=VECTOR('',#4275,1.0);
#4273=DIRECTION('',(-0.7166700363159180,0.6974123120307922,0.0000000000000000));
#4274=DIRECTION('',(-0.9877406358718872,-0.1561043858528137,0.0000000000000000));
#4275=DIRECTION('',(0.7225591540336609,-0.6913091540336609,0.0000000000000000));
#4276=STYLED_ITEM('',(#4277),#4284);
#4277=PRESENTATION_STYLE_ASSIGNMENT((#4278));
#4278=SURFACE_STYLE_USAGE(.BOTH.,#4279);
#4279=SURFACE_SIDE_STYLE('',(#4280));
#4280=SURFACE_STYLE_FILL_AREA(#4281);
#4281=FILL_AREA_STYLE('',(#4282));
#4282=FILL_AREA_STYLE_COLOUR('',#4283);
#4283=COLOUR_RGB('',0.8000000119209290,0.8000000119209290,0.8000000119209290);
#4284=FACE_SURFACE('',(#4289),#4285,.T.);
#4285=PLANE('',#4286);
#4286=AXIS2_PLACEMENT_3D('',#748, #4287,#4288);
#4287=DIRECTION('',(-0.4534022808074951,-0.8913059234619141,0.0000000000000000));
#4288=DIRECTION('',(-0.9209915399551392,0.3895824849605560,0.0000000000000000));
#4289=FACE_BOUND('',#4290,.T.);
#4290=EDGE_LOOP('',(#4291,#4292,#4293));
#4291=ORIENTED_EDGE('',*,*,#4294,.T.);
#4292=ORIENTED_EDGE('',*,*,#4295,.T.);
#4293=ORIENTED_EDGE('',*,*,#4296,.T.);
#4294=EDGE_CURVE('',#749,#751,#4297,.F.);
#4295=EDGE_CURVE('',#751,#753,#4298,.T.);
#4296=EDGE_CURVE('',#753,#749,#4299,.T.);
#4297=LINE('',#748,#4300);
#4298=LINE('',#750,#4301);
#4299=LINE('',#752,#4302);
#4300=VECTOR('',#4303,1.0);
#4301=VECTOR('',#4304,1.0);
#4302=VECTOR('',#4305,1.0);
#4303=DIRECTION('',(-0.4534022808074951,-0.8913059234619141,0.0000000000000000));
#4304=DIRECTION('',(-0.9186998009681702,0.3949566483497620,0.0000000000000000));
#4305=DIRECTION('',(0.9209915399551392,-0.3895824849605560,0.0000000000000000));
#4306=STYLED_ITEM('',(#4307),#4314);
#4307=PRESENTATION_STYLE_ASSIGNMENT((#4308));
#4308=SURFACE_STYLE_USAGE(.BOTH.,#4309);
#4309=SURFACE_SIDE_STYLE('',(#4310));
#4310=SURFACE_STYLE_FILL_AREA(#4311);
#4311=FILL_AREA_STYLE('',(#4312));
#4312=FILL_AREA_STYLE_COLOUR('',#4313);
#4313=COLOUR_RGB('',0.8000000119209290,0.8000000119209290,0.8000000119209290);
#4314=FACE_SURFACE('',(#4319),#4315,.T.);
#4315=PLANE('',#4316);
#4316=AXIS2_PLACEMENT_3D('',#754, #4317,#4318);
#4317=DIRECTION('',(0.1561077833175659,-0.9877400994300842,0.0000000000000000));
#4318=DIRECTION('',(-0.9423011541366577,-0.3347662985324860,0.0000000000000000));
#4319=FACE_BOUND('',#4320,.T.);
#4320=EDGE_LOOP('',(#4321,#4322,#4323));
#4321=ORIENTED_EDGE('',*,*,#4324,.T.);
#4322=ORIENTED_EDGE('',*,*,#4325,.T.);
#4323=ORIENTED_EDGE('',*,*,#4326,.T.);
#4324=EDGE_CURVE('',#755,#757,#4327,.F.);
#4325=EDGE_CURVE('',#757,#759,#4328,.T.);
#4326=EDGE_CURVE('',#759,#755,#4329,.T.);
#4327=LINE('',#754,#4330);
#4328=LINE('',#756,#4331);
#4329=LINE('',#758,#4332);
#4330=VECTOR('',#4333,1.0);
#4331=VECTOR('',#4334,1.0);
#4332=VECTOR('',#4335,1.0);
#4333=DIRECTION('',(0.1561077833175659,-0.9877400994300842,0.0000000000000000));
#4334=DIRECTION('',(-0.9447144865989685,-0.3278940618038177,0.0000000000000000));
#4335=DIRECTION('',(0.9423011541366577,0.3347662985324860,0.0000000000000000));
#4336=STYLED_ITEM('',(#4337),#4344);
#4337=PRESENTATION_STYLE_ASSIGNMENT((#4338));
#4338=SURFACE_STYLE_USAGE(.BOTH.,#4339);
#4339=SURFACE_SIDE_STYLE('',(#4340));
#4340=SURFACE_STYLE_FILL_AREA(#4341);
#4341=FILL_AREA_STYLE('',(#4342));
#4342=FILL_AREA_STYLE_COLOUR('',#4343);
#4343=COLOUR_RGB('',0.8000000119209290,0.8000000119209290,0.8000000119209290);
#4344=FACE_SURFACE('',(#4349),#4345,.T.);
#4345=PLANE('',#4346);
#4346=AXIS2_PLACEMENT_3D('',#760, #4347,#4348);
#4347=DIRECTION('',(0.0000000000000000,1.0000000000000000,0.0000000000000000));
#4348=DIRECTION('',(1.0000000000000000,0.0000000000000000,0.0000000000000000));
#4349=FACE_BOUND('',#4350,.T.);
#4350=EDGE_LOOP('',(#4351,#4352,#4353));
#4351=ORIENTED_EDGE('',*,*,#4354,.T.);
#4352=ORIENTED_EDGE('',*,*,#4355,.T.);
#4353=ORIENTED_EDGE('',*,*,#4356,.T.);
#4354=EDGE_CURVE('',#761,#763,#4357,.F.);
#4355=EDGE_CURVE('',#763,#765,#4358,.T.);
#4356=EDGE_CURVE('',#765,#761,#4359,.T.);
#4357=LINE('',#760,#4360);
#4358=LINE('',#762,#4361);
#4359=LINE('',#764,#4362);
#4360=VECTOR('',#4363,1.0);
#4361=VECTOR('',#4364,1.0);
#4362=VECTOR('',#4365,1.0);
#4363=DIRECTION('',(0.0000000000000000,1.0000000000000000,0.0000000000000000));
#4364=DIRECTION('',(0.2508105933666229,-0.9680361747741699,0.0000000000000000));
#4365=DIRECTION('',(-1.0000000000000000,0.0000000000000000,0.0000000000000000));
#4366=STYLED_ITEM('',(#4367),#4374);
#4367=PRESENTATION_STYLE_ASSIGNMENT((#4368));
#4368=SURFACE_STYLE_USAGE(.BOTH.,#4369);
#4369=SURFACE_SIDE_STYLE('',(#4370));
#4370=SURFACE_STYLE_FILL_AREA(#4371);
#4371=FILL_AREA_STYLE('',(#4372));
#4372=FILL_AREA_STYLE_COLOUR('',#4373);
#4373=COLOUR_RGB('',0.8000000119209290,0.8000000119209290,0.8000000119209290);
#4374=FACE_SURFACE('',(#4379),#4375,.T.);
#4375=PLANE('',#4376);
#4376=AXIS2_PLACEMENT_3D('',#766, #4377,#4378);
#4377=DIRECTION('',(0.0000000000000000,0.0000000000000000,-1.0000000000000000));
#4378=DIRECTION('',(-0.9999979734420776,0.0000000000000000,-0.0019999959040433));
#4379=FACE_BOUND('',#4380,.T.);
#4380=EDGE_LOOP('',(#4381,#4382,#4383));
#4381=ORIENTED_EDGE('',*,*,#4384,.T.);
#4382=ORIENTED_EDGE('',*,*,#4385,.T.);
#4383=ORIENTED_EDGE('',*,*,#4386,.T.);
#4384=EDGE_CURVE('',#767,#769,#4387,.F.);
#4385=EDGE_CURVE('',#769,#771,#4388,.T.);
#4386=EDGE_CURVE('',#771,#767,#4389,.T.);
#4387=LINE('',#766,#4390);
#4388=LINE('',#768,#4391);
#4389=LINE('',#770,#4392);
#4390=VECTOR('',#4393,1.0);
#4391=VECTOR('',#4394,1.0);
#4392=VECTOR('',#4395,1.0);
#4393=DIRECTION('',(0.0000000000000000,0.0000000000000000,-1.0000000000000000));
#4394=DIRECTION('',(-1.0000000000000000,0.0000000000000000,0.0000000000000000));
#4395=DIRECTION('',(0.9999979734420776,0.0000000000000000,0.0019999959040433));
#4396=STYLED_ITEM('',(#4397),#4404);
#4397=PRESENTATION_STYLE_ASSIGNMENT((#4398));
#4398=SURFACE_STYLE_USAGE(.BOTH.,#4399);
#4399=SURFACE_SIDE_STYLE('',(#4400));
#4400=SURFACE_STYLE_FILL_AREA(#4401);
#4401=FILL_AREA_STYLE('',(#4402));
#4402=FILL_AREA_STYLE_COLOUR('',#4403);
#4403=COLOUR_RGB('',0.8000000119209290,0.8000000119209290,0.8000000119209290);
#4404=FACE_SURFACE('',(#4409),#4405,.T.);
#4405=PLANE('',#4406);
#4406=AXIS2_PLACEMENT_3D('',#772, #4407,#4408);
#4407=DIRECTION('',(-0.9999979734420776,0.0000000000000000,-0.0019999959040433));
#4408=DIRECTION('',(-1.0000000000000000,0.0000000000000000,0.0000000000000000));
#4409=FACE_BOUND('',#4410,.T.);
#4410=EDGE_LOOP('',(#4411,#4412,#4413));
#4411=ORIENTED_EDGE('',*,*,#4414,.T.);
#4412=ORIENTED_EDGE('',*,*,#4415,.T.);
#4413=ORIENTED_EDGE('',*,*,#4416,.T.);
#4414=EDGE_CURVE('',#773,#775,#4417,.F.);
#4415=EDGE_CURVE('',#775,#777,#4418,.T.);
#4416=EDGE_CURVE('',#777,#773,#4419,.T.);
#4417=LINE('',#772,#4420);
#4418=LINE('',#774,#4421);
#4419=LINE('',#776,#4422);
#4420=VECTOR('',#4423,1.0);
#4421=VECTOR('',#4424,1.0);
#4422=VECTOR('',#4425,1.0);
#4423=DIRECTION('',(-0.9999979734420776,0.0000000000000000,-0.0019999959040433));
#4424=DIRECTION('',(0.0000000000000000,0.0000000000000000,1.0000000000000000));
#4425=DIRECTION('',(1.0000000000000000,0.0000000000000000,0.0000000000000000));
#4426=STYLED_ITEM('',(#4427),#4434);
#4427=PRESENTATION_STYLE_ASSIGNMENT((#4428));
#4428=SURFACE_STYLE_USAGE(.BOTH.,#4429);
#4429=SURFACE_SIDE_STYLE('',(#4430));
#4430=SURFACE_STYLE_FILL_AREA(#4431);
#4431=FILL_AREA_STYLE('',(#4432));
#4432=FILL_AREA_STYLE_COLOUR('',#4433);
#4433=COLOUR_RGB('',0.8000000119209290,0.8000000119209290,0.8000000119209290);
#4434=FACE_SURFACE('',(#4439),#4435,.T.);
#4435=PLANE('',#4436);
#4436=AXIS2_PLACEMENT_3D('',#778, #4437,#4438);
#4437=DIRECTION('',(0.0000000000000000,0.0000000000000000,-1.0000000000000000));
#4438=DIRECTION('',(0.9999973177909851,0.0000000000000000,-0.0022964372765273));
#4439=FACE_BOUND('',#4440,.T.);
#4440=EDGE_LOOP('',(#4441,#4442,#4443));
#4441=ORIENTED_EDGE('',*,*,#4444,.T.);
#4442=ORIENTED_EDGE('',*,*,#4445,.T.);
#4443=ORIENTED_EDGE('',*,*,#4446,.T.);
#4444=EDGE_CURVE('',#779,#781,#4447,.F.);
#4445=EDGE_CURVE('',#781,#783,#4448,.T.);
#4446=EDGE_CURVE('',#783,#779,#4449,.T.);
#4447=LINE('',#778,#4450);
#4448=LINE('',#780,#4451);
#4449=LINE('',#782,#4452);
#4450=VECTOR('',#4453,1.0);
#4451=VECTOR('',#4454,1.0);
#4452=VECTOR('',#4455,1.0);
#4453=DIRECTION('',(0.0000000000000000,0.0000000000000000,-1.0000000000000000));
#4454=DIRECTION('',(1.0000000000000000,0.0000000000000000,0.0000000000000000));
#4455=DIRECTION('',(-0.9999973177909851,0.0000000000000000,0.0022964372765273));
#4456=STYLED_ITEM('',(#4457),#4464);
#4457=PRESENTATION_STYLE_ASSIGNMENT((#4458));
#4458=SURFACE_STYLE_USAGE(.BOTH.,#4459);
#4459=SURFACE_SIDE_STYLE('',(#4460));
#4460=SURFACE_STYLE_FILL_AREA(#4461);
#4461=FILL_AREA_STYLE('',(#4462));
#4462=FILL_AREA_STYLE_COLOUR('',#4463);
#4463=COLOUR_RGB('',0.8000000119209290,0.8000000119209290,0.8000000119209290);
#4464=FACE_SURFACE('',(#4469),#4465,.T.);
#4465=PLANE('',#4466);
#4466=AXIS2_PLACEMENT_3D('',#784, #4467,#4468);
#4467=DIRECTION('',(0.9999973177909851,0.0000000000000000,-0.0022964372765273));
#4468=DIRECTION('',(1.0000000000000000,0.0000000000000000,0.0000000000000000));
#4469=FACE_BOUND('',#4470,.T.);
#4470=EDGE_LOOP('',(#4471,#4472,#4473));
#4471=ORIENTED_EDGE('',*,*,#4474,.T.);
#4472=ORIENTED_EDGE('',*,*,#4475,.T.);
#4473=ORIENTED_EDGE('',*,*,#4476,.T.);
#4474=EDGE_CURVE('',#785,#787,#4477,.F.);
#4475=EDGE_CURVE('',#787,#789,#4478,.T.);
#4476=EDGE_CURVE('',#789,#785,#4479,.T.);
#4477=LINE('',#784,#4480);
#4478=LINE('',#786,#4481);
#4479=LINE('',#788,#4482);
#4480=VECTOR('',#4483,1.0);
#4481=VECTOR('',#4484,1.0);
#4482=VECTOR('',#4485,1.0);
#4483=DIRECTION('',(0.9999973177909851,0.0000000000000000,-0.0022964372765273));
#4484=DIRECTION('',(0.0000000000000000,0.0000000000000000,1.0000000000000000));
#4485=DIRECTION('',(-1.0000000000000000,0.0000000000000000,0.0000000000000000));
#4486=STYLED_ITEM('',(#4487),#4494);
#4487=PRESENTATION_STYLE_ASSIGNMENT((#4488));
#4488=SURFACE_STYLE_USAGE(.BOTH.,#4489);
#4489=SURFACE_SIDE_STYLE('',(#4490));
#4490=SURFACE_STYLE_FILL_AREA(#4491);
#4491=FILL_AREA_STYLE('',(#4492));
#4492=FILL_AREA_STYLE_COLOUR('',#4493);
#4493=COLOUR_RGB('',0.8000000119209290,0.8000000119209290,0.8000000119209290);
#4494=FACE_SURFACE('',(#4499),#4495,.T.);
#4495=PLANE('',#4496);
#4496=AXIS2_PLACEMENT_3D('',#790, #4497,#4498);
#4497=DIRECTION('',(0.0000000000000000,0.0000000000000000,1.0000000000000000));
#4498=DIRECTION('',(0.8985616564750671,-0.1420113742351532,0.4152344465255737));
#4499=FACE_BOUND('',#4500,.T.);
#4500=EDGE_LOOP('',(#4501,#4502,#4503));
#4501=ORIENTED_EDGE('',*,*,#4504,.T.);
#4502=ORIENTED_EDGE('',*,*,#4505,.T.);
#4503=ORIENTED_EDGE('',*,*,#4506,.T.);
#4504=EDGE_CURVE('',#791,#793,#4507,.F.);
#4505=EDGE_CURVE('',#793,#795,#4508,.T.);
#4506=EDGE_CURVE('',#795,#791,#4509,.T.);
#4507=LINE('',#790,#4510);
#4508=LINE('',#792,#4511);
#4509=LINE('',#794,#4512);
#4510=VECTOR('',#4513,1.0);
#4511=VECTOR('',#4514,1.0);
#4512=VECTOR('',#4515,1.0);
#4513=DIRECTION('',(0.0000000000000000,0.0000000000000000,1.0000000000000000));
#4514=DIRECTION('',(0.9877404570579529,-0.1561054587364197,0.0000000000000000));
#4515=DIRECTION('',(-0.8985616564750671,0.1420113742351532,-0.4152344465255737));
#4516=STYLED_ITEM('',(#4517),#4524);
#4517=PRESENTATION_STYLE_ASSIGNMENT((#4518));
#4518=SURFACE_STYLE_USAGE(.BOTH.,#4519);
#4519=SURFACE_SIDE_STYLE('',(#4520));
#4520=SURFACE_STYLE_FILL_AREA(#4521);
#4521=FILL_AREA_STYLE('',(#4522));
#4522=FILL_AREA_STYLE_COLOUR('',#4523);
#4523=COLOUR_RGB('',0.8000000119209290,0.8000000119209290,0.8000000119209290);
#4524=FACE_SURFACE('',(#4529),#4525,.T.);
#4525=PLANE('',#4526);
#4526=AXIS2_PLACEMENT_3D('',#796, #4527,#4528);
#4527=DIRECTION('',(0.8985616564750671,-0.1420113742351532,0.4152344465255737));
#4528=DIRECTION('',(0.9877404570579529,-0.1561054587364197,0.0000000000000000));
#4529=FACE_BOUND('',#4530,.T.);
#4530=EDGE_LOOP('',(#4531,#4532,#4533));
#4531=ORIENTED_EDGE('',*,*,#4534,.T.);
#4532=ORIENTED_EDGE('',*,*,#4535,.T.);
#4533=ORIENTED_EDGE('',*,*,#4536,.T.);
#4534=EDGE_CURVE('',#797,#799,#4537,.F.);
#4535=EDGE_CURVE('',#799,#801,#4538,.T.);
#4536=EDGE_CURVE('',#801,#797,#4539,.T.);
#4537=LINE('',#796,#4540);
#4538=LINE('',#798,#4541);
#4539=LINE('',#800,#4542);
#4540=VECTOR('',#4543,1.0);
#4541=VECTOR('',#4544,1.0);
#4542=VECTOR('',#4545,1.0);
#4543=DIRECTION('',(0.8985616564750671,-0.1420113742351532,0.4152344465255737));
#4544=DIRECTION('',(0.0000000000000000,0.0000000000000000,-1.0000000000000000));
#4545=DIRECTION('',(-0.9877404570579529,0.1561054587364197,0.0000000000000000));
#4546=STYLED_ITEM('',(#4547),#4554);
#4547=PRESENTATION_STYLE_ASSIGNMENT((#4548));
#4548=SURFACE_STYLE_USAGE(.BOTH.,#4549);
#4549=SURFACE_SIDE_STYLE('',(#4550));
#4550=SURFACE_STYLE_FILL_AREA(#4551);
#4551=FILL_AREA_STYLE('',(#4552));
#4552=FILL_AREA_STYLE_COLOUR('',#4553);
#4553=COLOUR_RGB('',0.8000000119209290,0.8000000119209290,0.8000000119209290);
#4554=FACE_SURFACE('',(#4559),#4555,.T.);
#4555=PLANE('',#4556);
#4556=AXIS2_PLACEMENT_3D('',#802, #4557,#4558);
#4557=DIRECTION('',(0.0000000000000000,0.0000000000000000,1.0000000000000000));
#4558=DIRECTION('',(0.8109259009361267,-0.4125157594680786,0.4150060117244720));
#4559=FACE_BOUND('',#4560,.T.);
#4560=EDGE_LOOP('',(#4561,#4562,#4563));
#4561=ORIENTED_EDGE('',*,*,#4564,.T.);
#4562=ORIENTED_EDGE('',*,*,#4565,.T.);
#4563=ORIENTED_EDGE('',*,*,#4566,.T.);
#4564=EDGE_CURVE('',#803,#805,#4567,.F.);
#4565=EDGE_CURVE('',#805,#807,#4568,.T.);
#4566=EDGE_CURVE('',#807,#803,#4569,.T.);
#4567=LINE('',#802,#4570);
#4568=LINE('',#804,#4571);
#4569=LINE('',#806,#4572);
#4570=VECTOR('',#4573,1.0);
#4571=VECTOR('',#4574,1.0);
#4572=VECTOR('',#4575,1.0);
#4573=DIRECTION('',(0.0000000000000000,0.0000000000000000,1.0000000000000000));
#4574=DIRECTION('',(0.8913049101829529,-0.4534043669700623,0.0000000000000000));
#4575=DIRECTION('',(-0.8109259009361267,0.4125157594680786,-0.4150060117244720));
#4576=STYLED_ITEM('',(#4577),#4584);
#4577=PRESENTATION_STYLE_ASSIGNMENT((#4578));
#4578=SURFACE_STYLE_USAGE(.BOTH.,#4579);
#4579=SURFACE_SIDE_STYLE('',(#4580));
#4580=SURFACE_STYLE_FILL_AREA(#4581);
#4581=FILL_AREA_STYLE('',(#4582));
#4582=FILL_AREA_STYLE_COLOUR('',#4583);
#4583=COLOUR_RGB('',0.8000000119209290,0.8000000119209290,0.8000000119209290);
#4584=FACE_SURFACE('',(#4589),#4585,.T.);
#4585=PLANE('',#4586);
#4586=AXIS2_PLACEMENT_3D('',#808, #4587,#4588);
#4587=DIRECTION('',(0.8109259009361267,-0.4125157594680786,0.4150060117244720));
#4588=DIRECTION('',(0.8913049101829529,-0.4534043669700623,0.0000000000000000));
#4589=FACE_BOUND('',#4590,.T.);
#4590=EDGE_LOOP('',(#4591,#4592,#4593));
#4591=ORIENTED_EDGE('',*,*,#4594,.T.);
#4592=ORIENTED_EDGE('',*,*,#4595,.T.);
#4593=ORIENTED_EDGE('',*,*,#4596,.T.);
#4594=EDGE_CURVE('',#809,#811,#4597,.F.);
#4595=EDGE_CURVE('',#811,#813,#4598,.T.);
#4596=EDGE_CURVE('',#813,#809,#4599,.T.);
#4597=LINE('',#808,#4600);
#4598=LINE('',#810,#4601);
#4599=LINE('',#812,#4602);
#4600=VECTOR('',#4603,1.0);
#4601=VECTOR('',#4604,1.0);
#4602=VECTOR('',#4605,1.0);
#4603=DIRECTION('',(0.8109259009361267,-0.4125157594680786,0.4150060117244720));
#4604=DIRECTION('',(0.0000000000000000,0.0000000000000000,-1.0000000000000000));
#4605=DIRECTION('',(-0.8913049101829529,0.4534043669700623,0.0000000000000000));
#4606=STYLED_ITEM('',(#4607),#4614);
#4607=PRESENTATION_STYLE_ASSIGNMENT((#4608));
#4608=SURFACE_STYLE_USAGE(.BOTH.,#4609);
#4609=SURFACE_SIDE_STYLE('',(#4610));
#4610=SURFACE_STYLE_FILL_AREA(#4611);
#4611=FILL_AREA_STYLE('',(#4612));
#4612=FILL_AREA_STYLE_COLOUR('',#4613);
#4613=COLOUR_RGB('',0.8000000119209290,0.8000000119209290,0.8000000119209290);
#4614=FACE_SURFACE('',(#4619),#4615,.T.);
#4615=PLANE('',#4616);
#4616=AXIS2_PLACEMENT_3D('',#814, #4617,#4618);
#4617=DIRECTION('',(0.0000000000000000,0.0000000000000000,1.0000000000000000));
#4618=DIRECTION('',(0.6433261036872864,-0.6433244943618774,0.4150482714176178));
#4619=FACE_BOUND('',#4620,.T.);
#4620=EDGE_LOOP('',(#4621,#4622,#4623));
#4621=ORIENTED_EDGE('',*,*,#4624,.T.);
#4622=ORIENTED_EDGE('',*,*,#4625,.T.);
#4623=ORIENTED_EDGE('',*,*,#4626,.T.);
#4624=EDGE_CURVE('',#815,#817,#4627,.F.);
#4625=EDGE_CURVE('',#817,#819,#4628,.T.);
#4626=EDGE_CURVE('',#819,#815,#4629,.T.);
#4627=LINE('',#814,#4630);
#4628=LINE('',#816,#4631);
#4629=LINE('',#818,#4632);
#4630=VECTOR('',#4633,1.0);
#4631=VECTOR('',#4634,1.0);
#4632=VECTOR('',#4635,1.0);
#4633=DIRECTION('',(0.0000000000000000,0.0000000000000000,1.0000000000000000));
#4634=DIRECTION('',(0.7071076631546021,-0.7071059346199036,0.0000000000000000));
#4635=DIRECTION('',(-0.6433261036872864,0.6433244943618774,-0.4150482714176178));
#4636=STYLED_ITEM('',(#4637),#4644);
#4637=PRESENTATION_STYLE_ASSIGNMENT((#4638));
#4638=SURFACE_STYLE_USAGE(.BOTH.,#4639);
#4639=SURFACE_SIDE_STYLE('',(#4640));
#4640=SURFACE_STYLE_FILL_AREA(#4641);
#4641=FILL_AREA_STYLE('',(#4642));
#4642=FILL_AREA_STYLE_COLOUR('',#4643);
#4643=COLOUR_RGB('',0.8000000119209290,0.8000000119209290,0.8000000119209290);
#4644=FACE_SURFACE('',(#4649),#4645,.T.);
#4645=PLANE('',#4646);
#4646=AXIS2_PLACEMENT_3D('',#820, #4647,#4648);
#4647=DIRECTION('',(0.6433261036872864,-0.6433244943618774,0.4150482714176178));
#4648=DIRECTION('',(0.7071076631546021,-0.7071059346199036,0.0000000000000000));
#4649=FACE_BOUND('',#4650,.T.);
#4650=EDGE_LOOP('',(#4651,#4652,#4653));
#4651=ORIENTED_EDGE('',*,*,#4654,.T.);
#4652=ORIENTED_EDGE('',*,*,#4655,.T.);
#4653=ORIENTED_EDGE('',*,*,#4656,.T.);
#4654=EDGE_CURVE('',#821,#823,#4657,.F.);
#4655=EDGE_CURVE('',#823,#825,#4658,.T.);
#4656=EDGE_CURVE('',#825,#821,#4659,.T.);
#4657=LINE('',#820,#4660);
#4658=LINE('',#822,#4661);
#4659=LINE('',#824,#4662);
#4660=VECTOR('',#4663,1.0);
#4661=VECTOR('',#4664,1.0);
#4662=VECTOR('',#4665,1.0);
#4663=DIRECTION('',(0.6433261036872864,-0.6433244943618774,0.4150482714176178));
#4664=DIRECTION('',(0.0000000000000000,0.0000000000000000,-1.0000000000000000));
#4665=DIRECTION('',(-0.7071076631546021,0.7071059346199036,0.0000000000000000));
#4666=STYLED_ITEM('',(#4667),#4674);
#4667=PRESENTATION_STYLE_ASSIGNMENT((#4668));
#4668=SURFACE_STYLE_USAGE(.BOTH.,#4669);
#4669=SURFACE_SIDE_STYLE('',(#4670));
#4670=SURFACE_STYLE_FILL_AREA(#4671);
#4671=FILL_AREA_STYLE('',(#4672));
#4672=FILL_AREA_STYLE_COLOUR('',#4673);
#4673=COLOUR_RGB('',0.8000000119209290,0.8000000119209290,0.8000000119209290);
#4674=FACE_SURFACE('',(#4679),#4675,.T.);
#4675=PLANE('',#4676);
#4676=AXIS2_PLACEMENT_3D('',#826, #4677,#4678);
#4677=DIRECTION('',(0.0000000000000000,0.0000000000000000,1.0000000000000000));
#4678=DIRECTION('',(0.4125133752822876,-0.8109258413314819,0.4150083959102631));
#4679=FACE_BOUND('',#4680,.T.);
#4680=EDGE_LOOP('',(#4681,#4682,#4683));
#4681=ORIENTED_EDGE('',*,*,#4684,.T.);
#4682=ORIENTED_EDGE('',*,*,#4685,.T.);
#4683=ORIENTED_EDGE('',*,*,#4686,.T.);
#4684=EDGE_CURVE('',#827,#829,#4687,.F.);
#4685=EDGE_CURVE('',#829,#831,#4688,.T.);
#4686=EDGE_CURVE('',#831,#827,#4689,.T.);
#4687=LINE('',#826,#4690);
#4688=LINE('',#828,#4691);
#4689=LINE('',#830,#4692);
#4690=VECTOR('',#4693,1.0);
#4691=VECTOR('',#4694,1.0);
#4692=VECTOR('',#4695,1.0);
#4693=DIRECTION('',(0.0000000000000000,0.0000000000000000,1.0000000000000000));
#4694=DIRECTION('',(0.4534022808074951,-0.8913059234619141,0.0000000000000000));
#4695=DIRECTION('',(-0.4125133752822876,0.8109258413314819,-0.4150083959102631));
#4696=STYLED_ITEM('',(#4697),#4704);
#4697=PRESENTATION_STYLE_ASSIGNMENT((#4698));
#4698=SURFACE_STYLE_USAGE(.BOTH.,#4699);
#4699=SURFACE_SIDE_STYLE('',(#4700));
#4700=SURFACE_STYLE_FILL_AREA(#4701);
#4701=FILL_AREA_STYLE('',(#4702));
#4702=FILL_AREA_STYLE_COLOUR('',#4703);
#4703=COLOUR_RGB('',0.8000000119209290,0.8000000119209290,0.8000000119209290);
#4704=FACE_SURFACE('',(#4709),#4705,.T.);
#4705=PLANE('',#4706);
#4706=AXIS2_PLACEMENT_3D('',#832, #4707,#4708);
#4707=DIRECTION('',(0.4125133752822876,-0.8109258413314819,0.4150083959102631));
#4708=DIRECTION('',(0.4534022808074951,-0.8913059234619141,0.0000000000000000));
#4709=FACE_BOUND('',#4710,.T.);
#4710=EDGE_LOOP('',(#4711,#4712,#4713));
#4711=ORIENTED_EDGE('',*,*,#4714,.T.);
#4712=ORIENTED_EDGE('',*,*,#4715,.T.);
#4713=ORIENTED_EDGE('',*,*,#4716,.T.);
#4714=EDGE_CURVE('',#833,#835,#4717,.F.);
#4715=EDGE_CURVE('',#835,#837,#4718,.T.);
#4716=EDGE_CURVE('',#837,#833,#4719,.T.);
#4717=LINE('',#832,#4720);
#4718=LINE('',#834,#4721);
#4719=LINE('',#836,#4722);
#4720=VECTOR('',#4723,1.0);
#4721=VECTOR('',#4724,1.0);
#4722=VECTOR('',#4725,1.0);
#4723=DIRECTION('',(0.4125133752822876,-0.8109258413314819,0.4150083959102631));
#4724=DIRECTION('',(0.0000000000000000,0.0000000000000000,-1.0000000000000000));
#4725=DIRECTION('',(-0.4534022808074951,0.8913059234619141,0.0000000000000000));
#4726=STYLED_ITEM('',(#4727),#4734);
#4727=PRESENTATION_STYLE_ASSIGNMENT((#4728));
#4728=SURFACE_STYLE_USAGE(.BOTH.,#4729);
#4729=SURFACE_SIDE_STYLE('',(#4730));
#4730=SURFACE_STYLE_FILL_AREA(#4731);
#4731=FILL_AREA_STYLE('',(#4732));
#4732=FILL_AREA_STYLE_COLOUR('',#4733);
#4733=COLOUR_RGB('',0.8000000119209290,0.8000000119209290,0.8000000119209290);
#4734=FACE_SURFACE('',(#4739),#4735,.T.);
#4735=PLANE('',#4736);
#4736=AXIS2_PLACEMENT_3D('',#838, #4737,#4738);
#4737=DIRECTION('',(0.0000000000000000,0.0000000000000000,-1.0000000000000000));
#4738=DIRECTION('',(-0.1420136839151382,0.8985625505447388,-0.4152319431304932));
#4739=FACE_BOUND('',#4740,.T.);
#4740=EDGE_LOOP('',(#4741,#4742,#4743));
#4741=ORIENTED_EDGE('',*,*,#4744,.T.);
#4742=ORIENTED_EDGE('',*,*,#4745,.T.);
#4743=ORIENTED_EDGE('',*,*,#4746,.T.);
#4744=EDGE_CURVE('',#839,#841,#4747,.F.);
#4745=EDGE_CURVE('',#841,#843,#4748,.T.);
#4746=EDGE_CURVE('',#843,#839,#4749,.T.);
#4747=LINE('',#838,#4750);
#4748=LINE('',#840,#4751);
#4749=LINE('',#842,#4752);
#4750=VECTOR('',#4753,1.0);
#4751=VECTOR('',#4754,1.0);
#4752=VECTOR('',#4755,1.0);
#4753=DIRECTION('',(0.0000000000000000,0.0000000000000000,-1.0000000000000000));
#4754=DIRECTION('',(-0.1561077833175659,0.9877400994300842,0.0000000000000000));
#4755=DIRECTION('',(0.1420136839151382,-0.8985625505447388,0.4152319431304932));
#4756=STYLED_ITEM('',(#4757),#4764);
#4757=PRESENTATION_STYLE_ASSIGNMENT((#4758));
#4758=SURFACE_STYLE_USAGE(.BOTH.,#4759);
#4759=SURFACE_SIDE_STYLE('',(#4760));
#4760=SURFACE_STYLE_FILL_AREA(#4761);
#4761=FILL_AREA_STYLE('',(#4762));
#4762=FILL_AREA_STYLE_COLOUR('',#4763);
#4763=COLOUR_RGB('',0.8000000119209290,0.8000000119209290,0.8000000119209290);
#4764=FACE_SURFACE('',(#4769),#4765,.T.);
#4765=PLANE('',#4766);
#4766=AXIS2_PLACEMENT_3D('',#844, #4767,#4768);
#4767=DIRECTION('',(-0.1420136839151382,0.8985625505447388,-0.4152319431304932));
#4768=DIRECTION('',(-0.1561077833175659,0.9877400994300842,0.0000000000000000));
#4769=FACE_BOUND('',#4770,.T.);
#4770=EDGE_LOOP('',(#4771,#4772,#4773));
#4771=ORIENTED_EDGE('',*,*,#4774,.T.);
#4772=ORIENTED_EDGE('',*,*,#4775,.T.);
#4773=ORIENTED_EDGE('',*,*,#4776,.T.);
#4774=EDGE_CURVE('',#845,#847,#4777,.F.);
#4775=EDGE_CURVE('',#847,#849,#4778,.T.);
#4776=EDGE_CURVE('',#849,#845,#4779,.T.);
#4777=LINE('',#844,#4780);
#4778=LINE('',#846,#4781);
#4779=LINE('',#848,#4782);
#4780=VECTOR('',#4783,1.0);
#4781=VECTOR('',#4784,1.0);
#4782=VECTOR('',#4785,1.0);
#4783=DIRECTION('',(-0.1420136839151382,0.8985625505447388,-0.4152319431304932));
#4784=DIRECTION('',(0.0000000000000000,0.0000000000000000,1.0000000000000000));
#4785=DIRECTION('',(0.1561077833175659,-0.9877400994300842,0.0000000000000000));
#4786=STYLED_ITEM('',(#4787),#4794);
#4787=PRESENTATION_STYLE_ASSIGNMENT((#4788));
#4788=SURFACE_STYLE_USAGE(.BOTH.,#4789);
#4789=SURFACE_SIDE_STYLE('',(#4790));
#4790=SURFACE_STYLE_FILL_AREA(#4791);
#4791=FILL_AREA_STYLE('',(#4792));
#4792=FILL_AREA_STYLE_COLOUR('',#4793);
#4793=COLOUR_RGB('',0.8000000119209290,0.8000000119209290,0.8000000119209290);
#4794=FACE_SURFACE('',(#4799),#4795,.T.);
#4795=PLANE('',#4796);
#4796=AXIS2_PLACEMENT_3D('',#850, #4797,#4798);
#4797=DIRECTION('',(0.0000000000000000,0.0000000000000000,1.0000000000000000));
#4798=DIRECTION('',(-0.1420136839151382,-0.8985625505447388,0.4152319431304932));
#4799=FACE_BOUND('',#4800,.T.);
#4800=EDGE_LOOP('',(#4801,#4802,#4803));
#4801=ORIENTED_EDGE('',*,*,#4804,.T.);
#4802=ORIENTED_EDGE('',*,*,#4805,.T.);
#4803=ORIENTED_EDGE('',*,*,#4806,.T.);
#4804=EDGE_CURVE('',#851,#853,#4807,.F.);
#4805=EDGE_CURVE('',#853,#855,#4808,.T.);
#4806=EDGE_CURVE('',#855,#851,#4809,.T.);
#4807=LINE('',#850,#4810);
#4808=LINE('',#852,#4811);
#4809=LINE('',#854,#4812);
#4810=VECTOR('',#4813,1.0);
#4811=VECTOR('',#4814,1.0);
#4812=VECTOR('',#4815,1.0);
#4813=DIRECTION('',(0.0000000000000000,0.0000000000000000,1.0000000000000000));
#4814=DIRECTION('',(-0.1561077833175659,-0.9877400994300842,0.0000000000000000));
#4815=DIRECTION('',(0.1420136839151382,0.8985625505447388,-0.4152319431304932));
#4816=STYLED_ITEM('',(#4817),#4824);
#4817=PRESENTATION_STYLE_ASSIGNMENT((#4818));
#4818=SURFACE_STYLE_USAGE(.BOTH.,#4819);
#4819=SURFACE_SIDE_STYLE('',(#4820));
#4820=SURFACE_STYLE_FILL_AREA(#4821);
#4821=FILL_AREA_STYLE('',(#4822));
#4822=FILL_AREA_STYLE_COLOUR('',#4823);
#4823=COLOUR_RGB('',0.8000000119209290,0.8000000119209290,0.8000000119209290);
#4824=FACE_SURFACE('',(#4829),#4825,.T.);
#4825=PLANE('',#4826);
#4826=AXIS2_PLACEMENT_3D('',#856, #4827,#4828);
#4827=DIRECTION('',(-0.1420136839151382,-0.8985625505447388,0.4152319431304932));
#4828=DIRECTION('',(-0.1561077833175659,-0.9877400994300842,0.0000000000000000));
#4829=FACE_BOUND('',#4830,.T.);
#4830=EDGE_LOOP('',(#4831,#4832,#4833));
#4831=ORIENTED_EDGE('',*,*,#4834,.T.);
#4832=ORIENTED_EDGE('',*,*,#4835,.T.);
#4833=ORIENTED_EDGE('',*,*,#4836,.T.);
#4834=EDGE_CURVE('',#857,#859,#4837,.F.);
#4835=EDGE_CURVE('',#859,#861,#4838,.T.);
#4836=EDGE_CURVE('',#861,#857,#4839,.T.);
#4837=LINE('',#856,#4840);
#4838=LINE('',#858,#4841);
#4839=LINE('',#860,#4842);
#4840=VECTOR('',#4843,1.0);
#4841=VECTOR('',#4844,1.0);
#4842=VECTOR('',#4845,1.0);
#4843=DIRECTION('',(-0.1420136839151382,-0.8985625505447388,0.4152319431304932));
#4844=DIRECTION('',(0.0000000000000000,0.0000000000000000,-1.0000000000000000));
#4845=DIRECTION('',(0.1561077833175659,0.9877400994300842,0.0000000000000000));
#4846=STYLED_ITEM('',(#4847),#4854);
#4847=PRESENTATION_STYLE_ASSIGNMENT((#4848));
#4848=SURFACE_STYLE_USAGE(.BOTH.,#4849);
#4849=SURFACE_SIDE_STYLE('',(#4850));
#4850=SURFACE_STYLE_FILL_AREA(#4851);
#4851=FILL_AREA_STYLE('',(#4852));
#4852=FILL_AREA_STYLE_COLOUR('',#4853);
#4853=COLOUR_RGB('',0.8000000119209290,0.8000000119209290,0.8000000119209290);
#4854=FACE_SURFACE('',(#4859),#4855,.T.);
#4855=PLANE('',#4856);
#4856=AXIS2_PLACEMENT_3D('',#862, #4857,#4858);
#4857=DIRECTION('',(0.0000000000000000,0.0000000000000000,1.0000000000000000));
#4858=DIRECTION('',(-0.4125133752822876,-0.8109258413314819,0.4150083959102631));
#4859=FACE_BOUND('',#4860,.T.);
#4860=EDGE_LOOP('',(#4861,#4862,#4863));
#4861=ORIENTED_EDGE('',*,*,#4864,.T.);
#4862=ORIENTED_EDGE('',*,*,#4865,.T.);
#4863=ORIENTED_EDGE('',*,*,#4866,.T.);
#4864=EDGE_CURVE('',#863,#865,#4867,.F.);
#4865=EDGE_CURVE('',#865,#867,#4868,.T.);
#4866=EDGE_CURVE('',#867,#863,#4869,.T.);
#4867=LINE('',#862,#4870);
#4868=LINE('',#864,#4871);
#4869=LINE('',#866,#4872);
#4870=VECTOR('',#4873,1.0);
#4871=VECTOR('',#4874,1.0);
#4872=VECTOR('',#4875,1.0);
#4873=DIRECTION('',(0.0000000000000000,0.0000000000000000,1.0000000000000000));
#4874=DIRECTION('',(-0.4534022808074951,-0.8913059234619141,0.0000000000000000));
#4875=DIRECTION('',(0.4125133752822876,0.8109258413314819,-0.4150083959102631));
#4876=STYLED_ITEM('',(#4877),#4884);
#4877=PRESENTATION_STYLE_ASSIGNMENT((#4878));
#4878=SURFACE_STYLE_USAGE(.BOTH.,#4879);
#4879=SURFACE_SIDE_STYLE('',(#4880));
#4880=SURFACE_STYLE_FILL_AREA(#4881);
#4881=FILL_AREA_STYLE('',(#4882));
#4882=FILL_AREA_STYLE_COLOUR('',#4883);
#4883=COLOUR_RGB('',0.8000000119209290,0.8000000119209290,0.8000000119209290);
#4884=FACE_SURFACE('',(#4889),#4885,.T.);
#4885=PLANE('',#4886);
#4886=AXIS2_PLACEMENT_3D('',#868, #4887,#4888);
#4887=DIRECTION('',(-0.4125133752822876,-0.8109258413314819,0.4150083959102631));
#4888=DIRECTION('',(-0.4534022808074951,-0.8913059234619141,0.0000000000000000));
#4889=FACE_BOUND('',#4890,.T.);
#4890=EDGE_LOOP('',(#4891,#4892,#4893));
#4891=ORIENTED_EDGE('',*,*,#4894,.T.);
#4892=ORIENTED_EDGE('',*,*,#4895,.T.);
#4893=ORIENTED_EDGE('',*,*,#4896,.T.);
#4894=EDGE_CURVE('',#869,#871,#4897,.F.);
#4895=EDGE_CURVE('',#871,#873,#4898,.T.);
#4896=EDGE_CURVE('',#873,#869,#4899,.T.);
#4897=LINE('',#868,#4900);
#4898=LINE('',#870,#4901);
#4899=LINE('',#872,#4902);
#4900=VECTOR('',#4903,1.0);
#4901=VECTOR('',#4904,1.0);
#4902=VECTOR('',#4905,1.0);
#4903=DIRECTION('',(-0.4125133752822876,-0.8109258413314819,0.4150083959102631));
#4904=DIRECTION('',(0.0000000000000000,0.0000000000000000,-1.0000000000000000));
#4905=DIRECTION('',(0.4534022808074951,0.8913059234619141,0.0000000000000000));
#4906=STYLED_ITEM('',(#4907),#4914);
#4907=PRESENTATION_STYLE_ASSIGNMENT((#4908));
#4908=SURFACE_STYLE_USAGE(.BOTH.,#4909);
#4909=SURFACE_SIDE_STYLE('',(#4910));
#4910=SURFACE_STYLE_FILL_AREA(#4911);
#4911=FILL_AREA_STYLE('',(#4912));
#4912=FILL_AREA_STYLE_COLOUR('',#4913);
#4913=COLOUR_RGB('',0.8000000119209290,0.8000000119209290,0.8000000119209290);
#4914=FACE_SURFACE('',(#4919),#4915,.T.);
#4915=PLANE('',#4916);
#4916=AXIS2_PLACEMENT_3D('',#874, #4917,#4918);
#4917=DIRECTION('',(0.0000000000000000,0.0000000000000000,1.0000000000000000));
#4918=DIRECTION('',(-0.4534078538417816,0.8913031816482544,0.0000000000000000));
#4919=FACE_BOUND('',#4920,.T.);
#4920=EDGE_LOOP('',(#4921,#4922,#4923));
#4921=ORIENTED_EDGE('',*,*,#4924,.T.);
#4922=ORIENTED_EDGE('',*,*,#4925,.T.);
#4923=ORIENTED_EDGE('',*,*,#4926,.T.);
#4924=EDGE_CURVE('',#875,#877,#4927,.F.);
#4925=EDGE_CURVE('',#877,#879,#4928,.T.);
#4926=EDGE_CURVE('',#879,#875,#4929,.T.);
#4927=LINE('',#874,#4930);
#4928=LINE('',#876,#4931);
#4929=LINE('',#878,#4932);
#4930=VECTOR('',#4933,1.0);
#4931=VECTOR('',#4934,1.0);
#4932=VECTOR('',#4935,1.0);
#4933=DIRECTION('',(0.0000000000000000,0.0000000000000000,1.0000000000000000));
#4934=DIRECTION('',(-0.4125186502933502,0.8109237551689148,-0.4150073230266571));
#4935=DIRECTION('',(0.4534078538417816,-0.8913031816482544,0.0000000000000000));
#4936=STYLED_ITEM('',(#4937),#4944);
#4937=PRESENTATION_STYLE_ASSIGNMENT((#4938));
#4938=SURFACE_STYLE_USAGE(.BOTH.,#4939);
#4939=SURFACE_SIDE_STYLE('',(#4940));
#4940=SURFACE_STYLE_FILL_AREA(#4941);
#4941=FILL_AREA_STYLE('',(#4942));
#4942=FILL_AREA_STYLE_COLOUR('',#4943);
#4943=COLOUR_RGB('',0.8000000119209290,0.8000000119209290,0.8000000119209290);
#4944=FACE_SURFACE('',(#4949),#4945,.T.);
#4945=PLANE('',#4946);
#4946=AXIS2_PLACEMENT_3D('',#880, #4947,#4948);
#4947=DIRECTION('',(0.0000000000000000,0.0000000000000000,-1.0000000000000000));
#4948=DIRECTION('',(0.4534078538417816,-0.8913031816482544,0.0000000000000000));
#4949=FACE_BOUND('',#4950,.T.);
#4950=EDGE_LOOP('',(#4951,#4952,#4953));
#4951=ORIENTED_EDGE('',*,*,#4954,.T.);
#4952=ORIENTED_EDGE('',*,*,#4955,.T.);
#4953=ORIENTED_EDGE('',*,*,#4956,.T.);
#4954=EDGE_CURVE('',#881,#883,#4957,.F.);
#4955=EDGE_CURVE('',#883,#885,#4958,.T.);
#4956=EDGE_CURVE('',#885,#881,#4959,.T.);
#4957=LINE('',#880,#4960);
#4958=LINE('',#882,#4961);
#4959=LINE('',#884,#4962);
#4960=VECTOR('',#4963,1.0);
#4961=VECTOR('',#4964,1.0);
#4962=VECTOR('',#4965,1.0);
#4963=DIRECTION('',(0.0000000000000000,0.0000000000000000,-1.0000000000000000));
#4964=DIRECTION('',(0.4125186502933502,-0.8109237551689148,0.4150073230266571));
#4965=DIRECTION('',(-0.4534078538417816,0.8913031816482544,0.0000000000000000));
#4966=STYLED_ITEM('',(#4967),#4974);
#4967=PRESENTATION_STYLE_ASSIGNMENT((#4968));
#4968=SURFACE_STYLE_USAGE(.BOTH.,#4969);
#4969=SURFACE_SIDE_STYLE('',(#4970));
#4970=SURFACE_STYLE_FILL_AREA(#4971);
#4971=FILL_AREA_STYLE('',(#4972));
#4972=FILL_AREA_STYLE_COLOUR('',#4973);
#4973=COLOUR_RGB('',0.8000000119209290,0.8000000119209290,0.8000000119209290);
#4974=FACE_SURFACE('',(#4979),#4975,.T.);
#4975=PLANE('',#4976);
#4976=AXIS2_PLACEMENT_3D('',#886, #4977,#4978);
#4977=DIRECTION('',(0.0000000000000000,0.0000000000000000,1.0000000000000000));
#4978=DIRECTION('',(-0.1569977402687073,0.9875989556312561,0.0000000000000000));
#4979=FACE_BOUND('',#4980,.T.);
#4980=EDGE_LOOP('',(#4981,#4982,#4983));
#4981=ORIENTED_EDGE('',*,*,#4984,.T.);
#4982=ORIENTED_EDGE('',*,*,#4985,.T.);
#4983=ORIENTED_EDGE('',*,*,#4986,.T.);
#4984=EDGE_CURVE('',#887,#889,#4987,.F.);
#4985=EDGE_CURVE('',#889,#891,#4988,.T.);
#4986=EDGE_CURVE('',#891,#887,#4989,.T.);
#4987=LINE('',#886,#4990);
#4988=LINE('',#888,#4991);
#4989=LINE('',#890,#4992);
#4990=VECTOR('',#4993,1.0);
#4991=VECTOR('',#4994,1.0);
#4992=VECTOR('',#4995,1.0);
#4993=DIRECTION('',(0.0000000000000000,0.0000000000000000,1.0000000000000000));
#4994=DIRECTION('',(-0.1428267955780029,0.8984562754631042,-0.4151828289031982));
#4995=DIRECTION('',(0.1569977402687073,-0.9875989556312561,0.0000000000000000));
#4996=STYLED_ITEM('',(#4997),#5004);
#4997=PRESENTATION_STYLE_ASSIGNMENT((#4998));
#4998=SURFACE_STYLE_USAGE(.BOTH.,#4999);
#4999=SURFACE_SIDE_STYLE('',(#5000));
#5000=SURFACE_STYLE_FILL_AREA(#5001);
#5001=FILL_AREA_STYLE('',(#5002));
#5002=FILL_AREA_STYLE_COLOUR('',#5003);
#5003=COLOUR_RGB('',0.8000000119209290,0.8000000119209290,0.8000000119209290);
#5004=FACE_SURFACE('',(#5009),#5005,.T.);
#5005=PLANE('',#5006);
#5006=AXIS2_PLACEMENT_3D('',#892, #5007,#5008);
#5007=DIRECTION('',(0.0000000000000000,0.0000000000000000,-1.0000000000000000));
#5008=DIRECTION('',(0.1569977402687073,-0.9875989556312561,0.0000000000000000));
#5009=FACE_BOUND('',#5010,.T.);
#5010=EDGE_LOOP('',(#5011,#5012,#5013));
#5011=ORIENTED_EDGE('',*,*,#5014,.T.);
#5012=ORIENTED_EDGE('',*,*,#5015,.T.);
#5013=ORIENTED_EDGE('',*,*,#5016,.T.);
#5014=EDGE_CURVE('',#893,#895,#5017,.F.);
#5015=EDGE_CURVE('',#895,#897,#5018,.T.);
#5016=EDGE_CURVE('',#897,#893,#5019,.T.);
#5017=LINE('',#892,#5020);
#5018=LINE('',#894,#5021);
#5019=LINE('',#896,#5022);
#5020=VECTOR('',#5023,1.0);
#5021=VECTOR('',#5024,1.0);
#5022=VECTOR('',#5025,1.0);
#5023=DIRECTION('',(0.0000000000000000,0.0000000000000000,-1.0000000000000000));
#5024=DIRECTION('',(0.1428267955780029,-0.8984562754631042,0.4151828289031982));
#5025=DIRECTION('',(-0.1569977402687073,0.9875989556312561,0.0000000000000000));
#5026=STYLED_ITEM('',(#5027),#5034);
#5027=PRESENTATION_STYLE_ASSIGNMENT((#5028));
#5028=SURFACE_STYLE_USAGE(.BOTH.,#5029);
#5029=SURFACE_SIDE_STYLE('',(#5030));
#5030=SURFACE_STYLE_FILL_AREA(#5031);
#5031=FILL_AREA_STYLE('',(#5032));
#5032=FILL_AREA_STYLE_COLOUR('',#5033);
#5033=COLOUR_RGB('',0.8000000119209290,0.8000000119209290,0.8000000119209290);
#5034=FACE_SURFACE('',(#5039),#5035,.T.);
#5035=PLANE('',#5036);
#5036=AXIS2_PLACEMENT_3D('',#898, #5037,#5038);
#5037=DIRECTION('',(0.0000000000000000,0.0000000000000000,1.0000000000000000));
#5038=DIRECTION('',(0.1428267955780029,0.8984562754631042,0.4151828289031982));
#5039=FACE_BOUND('',#5040,.T.);
#5040=EDGE_LOOP('',(#5041,#5042,#5043));
#5041=ORIENTED_EDGE('',*,*,#5044,.T.);
#5042=ORIENTED_EDGE('',*,*,#5045,.T.);
#5043=ORIENTED_EDGE('',*,*,#5046,.T.);
#5044=EDGE_CURVE('',#899,#901,#5047,.F.);
#5045=EDGE_CURVE('',#901,#903,#5048,.T.);
#5046=EDGE_CURVE('',#903,#899,#5049,.T.);
#5047=LINE('',#898,#5050);
#5048=LINE('',#900,#5051);
#5049=LINE('',#902,#5052);
#5050=VECTOR('',#5053,1.0);
#5051=VECTOR('',#5054,1.0);
#5052=VECTOR('',#5055,1.0);
#5053=DIRECTION('',(0.0000000000000000,0.0000000000000000,1.0000000000000000));
#5054=DIRECTION('',(0.1569977402687073,0.9875989556312561,0.0000000000000000));
#5055=DIRECTION('',(-0.1428267955780029,-0.8984562754631042,-0.4151828289031982));
#5056=STYLED_ITEM('',(#5057),#5064);
#5057=PRESENTATION_STYLE_ASSIGNMENT((#5058));
#5058=SURFACE_STYLE_USAGE(.BOTH.,#5059);
#5059=SURFACE_SIDE_STYLE('',(#5060));
#5060=SURFACE_STYLE_FILL_AREA(#5061);
#5061=FILL_AREA_STYLE('',(#5062));
#5062=FILL_AREA_STYLE_COLOUR('',#5063);
#5063=COLOUR_RGB('',0.8000000119209290,0.8000000119209290,0.8000000119209290);
#5064=FACE_SURFACE('',(#5069),#5065,.T.);
#5065=PLANE('',#5066);
#5066=AXIS2_PLACEMENT_3D('',#904, #5067,#5068);
#5067=DIRECTION('',(0.1428267955780029,0.8984562754631042,0.4151828289031982));
#5068=DIRECTION('',(0.1569977402687073,0.9875989556312561,0.0000000000000000));
#5069=FACE_BOUND('',#5070,.T.);
#5070=EDGE_LOOP('',(#5071,#5072,#5073));
#5071=ORIENTED_EDGE('',*,*,#5074,.T.);
#5072=ORIENTED_EDGE('',*,*,#5075,.T.);
#5073=ORIENTED_EDGE('',*,*,#5076,.T.);
#5074=EDGE_CURVE('',#905,#907,#5077,.F.);
#5075=EDGE_CURVE('',#907,#909,#5078,.T.);
#5076=EDGE_CURVE('',#909,#905,#5079,.T.);
#5077=LINE('',#904,#5080);
#5078=LINE('',#906,#5081);
#5079=LINE('',#908,#5082);
#5080=VECTOR('',#5083,1.0);
#5081=VECTOR('',#5084,1.0);
#5082=VECTOR('',#5085,1.0);
#5083=DIRECTION('',(0.1428267955780029,0.8984562754631042,0.4151828289031982));
#5084=DIRECTION('',(0.0000000000000000,0.0000000000000000,-1.0000000000000000));
#5085=DIRECTION('',(-0.1569977402687073,-0.9875989556312561,0.0000000000000000));
#5086=STYLED_ITEM('',(#5087),#5094);
#5087=PRESENTATION_STYLE_ASSIGNMENT((#5088));
#5088=SURFACE_STYLE_USAGE(.BOTH.,#5089);
#5089=SURFACE_SIDE_STYLE('',(#5090));
#5090=SURFACE_STYLE_FILL_AREA(#5091);
#5091=FILL_AREA_STYLE('',(#5092));
#5092=FILL_AREA_STYLE_COLOUR('',#5093);
#5093=COLOUR_RGB('',0.8000000119209290,0.8000000119209290,0.8000000119209290);
#5094=FACE_SURFACE('',(#5099),#5095,.T.);
#5095=PLANE('',#5096);
#5096=AXIS2_PLACEMENT_3D('',#910, #5097,#5098);
#5097=DIRECTION('',(1.0000000000000000,0.0000000000000000,0.0000000000000000));
#5098=DIRECTION('',(0.0000000000000000,0.0000000000000000,1.0000000000000000));
#5099=FACE_BOUND('',#5100,.T.);
#5100=EDGE_LOOP('',(#5101,#5102,#5103));
#5101=ORIENTED_EDGE('',*,*,#5104,.T.);
#5102=ORIENTED_EDGE('',*,*,#5105,.T.);
#5103=ORIENTED_EDGE('',*,*,#5106,.T.);
#5104=EDGE_CURVE('',#911,#913,#5107,.F.);
#5105=EDGE_CURVE('',#913,#915,#5108,.T.);
#5106=EDGE_CURVE('',#915,#911,#5109,.T.);
#5107=LINE('',#910,#5110);
#5108=LINE('',#912,#5111);
#5109=LINE('',#914,#5112);
#5110=VECTOR('',#5113,1.0);
#5111=VECTOR('',#5114,1.0);
#5112=VECTOR('',#5115,1.0);
#5113=DIRECTION('',(1.0000000000000000,0.0000000000000000,0.0000000000000000));
#5114=DIRECTION('',(-0.0011135749518871,0.0000000000000000,0.9999993443489075));
#5115=DIRECTION('',(0.0000000000000000,0.0000000000000000,-1.0000000000000000));
#5116=STYLED_ITEM('',(#5117),#5124);
#5117=PRESENTATION_STYLE_ASSIGNMENT((#5118));
#5118=SURFACE_STYLE_USAGE(.BOTH.,#5119);
#5119=SURFACE_SIDE_STYLE('',(#5120));
#5120=SURFACE_STYLE_FILL_AREA(#5121);
#5121=FILL_AREA_STYLE('',(#5122));
#5122=FILL_AREA_STYLE_COLOUR('',#5123);
#5123=COLOUR_RGB('',0.8000000119209290,0.8000000119209290,0.8000000119209290);
#5124=FACE_SURFACE('',(#5129),#5125,.T.);
#5125=PLANE('',#5126);
#5126=AXIS2_PLACEMENT_3D('',#916, #5127,#5128);
#5127=DIRECTION('',(0.0000000000000000,1.0000000000000000,0.0000000000000000));
#5128=DIRECTION('',(0.0000000000000000,0.0555808395147324,-0.9984541535377502));
#5129=FACE_BOUND('',#5130,.T.);
#5130=EDGE_LOOP('',(#5131,#5132,#5133));
#5131=ORIENTED_EDGE('',*,*,#5134,.T.);
#5132=ORIENTED_EDGE('',*,*,#5135,.T.);
#5133=ORIENTED_EDGE('',*,*,#5136,.T.);
#5134=EDGE_CURVE('',#917,#919,#5137,.F.);
#5135=EDGE_CURVE('',#919,#921,#5138,.T.);
#5136=EDGE_CURVE('',#921,#917,#5139,.T.);
#5137=LINE('',#916,#5140);
#5138=LINE('',#918,#5141);
#5139=LINE('',#920,#5142);
#5140=VECTOR('',#5143,1.0);
#5141=VECTOR('',#5144,1.0);
#5142=VECTOR('',#5145,1.0);
#5143=DIRECTION('',(0.0000000000000000,1.0000000000000000,0.0000000000000000));
#5144=DIRECTION('',(0.0000000000000000,0.0000000000000000,-1.0000000000000000));
#5145=DIRECTION('',(0.0000000000000000,-0.0555808395147324,0.9984541535377502));
#5146=STYLED_ITEM('',(#5147),#5154);
#5147=PRESENTATION_STYLE_ASSIGNMENT((#5148));
#5148=SURFACE_STYLE_USAGE(.BOTH.,#5149);
#5149=SURFACE_SIDE_STYLE('',(#5150));
#5150=SURFACE_STYLE_FILL_AREA(#5151);
#5151=FILL_AREA_STYLE('',(#5152));
#5152=FILL_AREA_STYLE_COLOUR('',#5153);
#5153=COLOUR_RGB('',0.8000000119209290,0.8000000119209290,0.8000000119209290);
#5154=FACE_SURFACE('',(#5159),#5155,.T.);
#5155=PLANE('',#5156);
#5156=AXIS2_PLACEMENT_3D('',#922, #5157,#5158);
#5157=DIRECTION('',(0.0000000000000000,0.0555808395147324,-0.9984541535377502));
#5158=DIRECTION('',(0.0000000000000000,0.0000000000000000,-1.0000000000000000));
#5159=FACE_BOUND('',#5160,.T.);
#5160=EDGE_LOOP('',(#5161,#5162,#5163));
#5161=ORIENTED_EDGE('',*,*,#5164,.T.);
#5162=ORIENTED_EDGE('',*,*,#5165,.T.);
#5163=ORIENTED_EDGE('',*,*,#5166,.T.);
#5164=EDGE_CURVE('',#923,#925,#5167,.F.);
#5165=EDGE_CURVE('',#925,#927,#5168,.T.);
#5166=EDGE_CURVE('',#927,#923,#5169,.T.);
#5167=LINE('',#922,#5170);
#5168=LINE('',#924,#5171);
#5169=LINE('',#926,#5172);
#5170=VECTOR('',#5173,1.0);
#5171=VECTOR('',#5174,1.0);
#5172=VECTOR('',#5175,1.0);
#5173=DIRECTION('',(0.0000000000000000,0.0555808395147324,-0.9984541535377502));
#5174=DIRECTION('',(0.0000000000000000,-1.0000000000000000,0.0000000000000000));
#5175=DIRECTION('',(0.0000000000000000,0.0000000000000000,1.0000000000000000));
#5176=STYLED_ITEM('',(#5177),#5184);
#5177=PRESENTATION_STYLE_ASSIGNMENT((#5178));
#5178=SURFACE_STYLE_USAGE(.BOTH.,#5179);
#5179=SURFACE_SIDE_STYLE('',(#5180));
#5180=SURFACE_STYLE_FILL_AREA(#5181);
#5181=FILL_AREA_STYLE('',(#5182));
#5182=FILL_AREA_STYLE_COLOUR('',#5183);
#5183=COLOUR_RGB('',0.8000000119209290,0.8000000119209290,0.8000000119209290);
#5184=FACE_SURFACE('',(#5189),#5185,.T.);
#5185=PLANE('',#5186);
#5186=AXIS2_PLACEMENT_3D('',#928, #5187,#5188);
#5187=DIRECTION('',(-1.0000000000000000,0.0000000000000000,0.0000000000000000));
#5188=DIRECTION('',(-0.0200002714991570,0.9998000264167786,0.0000000000000000));
#5189=FACE_BOUND('',#5190,.T.);
#5190=EDGE_LOOP('',(#5191,#5192,#5193));
#5191=ORIENTED_EDGE('',*,*,#5194,.T.);
#5192=ORIENTED_EDGE('',*,*,#5195,.T.);
#5193=ORIENTED_EDGE('',*,*,#5196,.T.);
#5194=EDGE_CURVE('',#929,#931,#5197,.F.);
#5195=EDGE_CURVE('',#931,#933,#5198,.T.);
#5196=EDGE_CURVE('',#933,#929,#5199,.T.);
#5197=LINE('',#928,#5200);
#5198=LINE('',#930,#5201);
#5199=LINE('',#932,#5202);
#5200=VECTOR('',#5203,1.0);
#5201=VECTOR('',#5204,1.0);
#5202=VECTOR('',#5205,1.0);
#5203=DIRECTION('',(-1.0000000000000000,0.0000000000000000,0.0000000000000000));
#5204=DIRECTION('',(0.0000000000000000,1.0000000000000000,0.0000000000000000));
#5205=DIRECTION('',(0.0200002714991570,-0.9998000264167786,0.0000000000000000));
#5206=STYLED_ITEM('',(#5207),#5214);
#5207=PRESENTATION_STYLE_ASSIGNMENT((#5208));
#5208=SURFACE_STYLE_USAGE(.BOTH.,#5209);
#5209=SURFACE_SIDE_STYLE('',(#5210));
#5210=SURFACE_STYLE_FILL_AREA(#5211);
#5211=FILL_AREA_STYLE('',(#5212));
#5212=FILL_AREA_STYLE_COLOUR('',#5213);
#5213=COLOUR_RGB('',0.8000000119209290,0.8000000119209290,0.8000000119209290);
#5214=FACE_SURFACE('',(#5219),#5215,.T.);
#5215=PLANE('',#5216);
#5216=AXIS2_PLACEMENT_3D('',#934, #5217,#5218);
#5217=DIRECTION('',(-0.0200002714991570,0.9998000264167786,0.0000000000000000));
#5218=DIRECTION('',(0.0000000000000000,1.0000000000000000,0.0000000000000000));
#5219=FACE_BOUND('',#5220,.T.);
#5220=EDGE_LOOP('',(#5221,#5222,#5223));
#5221=ORIENTED_EDGE('',*,*,#5224,.T.);
#5222=ORIENTED_EDGE('',*,*,#5225,.T.);
#5223=ORIENTED_EDGE('',*,*,#5226,.T.);
#5224=EDGE_CURVE('',#935,#937,#5227,.F.);
#5225=EDGE_CURVE('',#937,#939,#5228,.T.);
#5226=EDGE_CURVE('',#939,#935,#5229,.T.);
#5227=LINE('',#934,#5230);
#5228=LINE('',#936,#5231);
#5229=LINE('',#938,#5232);
#5230=VECTOR('',#5233,1.0);
#5231=VECTOR('',#5234,1.0);
#5232=VECTOR('',#5235,1.0);
#5233=DIRECTION('',(-0.0200002714991570,0.9998000264167786,0.0000000000000000));
#5234=DIRECTION('',(1.0000000000000000,0.0000000000000000,0.0000000000000000));
#5235=DIRECTION('',(0.0000000000000000,-1.0000000000000000,0.0000000000000000));
#5236=STYLED_ITEM('',(#5237),#5244);
#5237=PRESENTATION_STYLE_ASSIGNMENT((#5238));
#5238=SURFACE_STYLE_USAGE(.BOTH.,#5239);
#5239=SURFACE_SIDE_STYLE('',(#5240));
#5240=SURFACE_STYLE_FILL_AREA(#5241);
#5241=FILL_AREA_STYLE('',(#5242));
#5242=FILL_AREA_STYLE_COLOUR('',#5243);
#5243=COLOUR_RGB('',0.8000000119209290,0.8000000119209290,0.8000000119209290);
#5244=FACE_SURFACE('',(#5249),#5245,.T.);
#5245=PLANE('',#5246);
#5246=AXIS2_PLACEMENT_3D('',#940, #5247,#5248);
#5247=DIRECTION('',(0.0000000000000000,-1.0000000000000000,0.0000000000000000));
#5248=DIRECTION('',(-1.0000000000000000,0.0000000000000000,0.0000000000000000));
#5249=FACE_BOUND('',#5250,.T.);
#5250=EDGE_LOOP('',(#5251,#5252,#5253));
#5251=ORIENTED_EDGE('',*,*,#5254,.T.);
#5252=ORIENTED_EDGE('',*,*,#5255,.T.);
#5253=ORIENTED_EDGE('',*,*,#5256,.T.);
#5254=EDGE_CURVE('',#941,#943,#5257,.F.);
#5255=EDGE_CURVE('',#943,#945,#5258,.T.);
#5256=EDGE_CURVE('',#945,#941,#5259,.T.);
#5257=LINE('',#940,#5260);
#5258=LINE('',#942,#5261);
#5259=LINE('',#944,#5262);
#5260=VECTOR('',#5263,1.0);
#5261=VECTOR('',#5264,1.0);
#5262=VECTOR('',#5265,1.0);
#5263=DIRECTION('',(0.0000000000000000,-1.0000000000000000,0.0000000000000000));
#5264=DIRECTION('',(-0.9333379864692688,0.3589988350868225,0.0000000000000000));
#5265=DIRECTION('',(1.0000000000000000,0.0000000000000000,0.0000000000000000));
#5266=STYLED_ITEM('',(#5267),#5274);
#5267=PRESENTATION_STYLE_ASSIGNMENT((#5268));
#5268=SURFACE_STYLE_USAGE(.BOTH.,#5269);
#5269=SURFACE_SIDE_STYLE('',(#5270));
#5270=SURFACE_STYLE_FILL_AREA(#5271);
#5271=FILL_AREA_STYLE('',(#5272));
#5272=FILL_AREA_STYLE_COLOUR('',#5273);
#5273=COLOUR_RGB('',0.8000000119209290,0.8000000119209290,0.8000000119209290);
#5274=FACE_SURFACE('',(#5279),#5275,.T.);
#5275=PLANE('',#5276);
#5276=AXIS2_PLACEMENT_3D('',#946, #5277,#5278);
#5277=DIRECTION('',(0.9283556938171387,0.3716929554939270,0.0000000000000000));
#5278=DIRECTION('',(1.0000000000000000,0.0000000000000000,0.0000000000000000));
#5279=FACE_BOUND('',#5280,.T.);
#5280=EDGE_LOOP('',(#5281,#5282,#5283));
#5281=ORIENTED_EDGE('',*,*,#5284,.T.);
#5282=ORIENTED_EDGE('',*,*,#5285,.T.);
#5283=ORIENTED_EDGE('',*,*,#5286,.T.);
#5284=EDGE_CURVE('',#947,#949,#5287,.F.);
#5285=EDGE_CURVE('',#949,#951,#5288,.T.);
#5286=EDGE_CURVE('',#951,#947,#5289,.T.);
#5287=LINE('',#946,#5290);
#5288=LINE('',#948,#5291);
#5289=LINE('',#950,#5292);
#5290=VECTOR('',#5293,1.0);
#5291=VECTOR('',#5294,1.0);
#5292=VECTOR('',#5295,1.0);
#5293=DIRECTION('',(0.9283556938171387,0.3716929554939270,0.0000000000000000));
#5294=DIRECTION('',(0.0000000000000000,-1.0000000000000000,0.0000000000000000));
#5295=DIRECTION('',(-1.0000000000000000,0.0000000000000000,0.0000000000000000));
#5296=STYLED_ITEM('',(#5297),#5304);
#5297=PRESENTATION_STYLE_ASSIGNMENT((#5298));
#5298=SURFACE_STYLE_USAGE(.BOTH.,#5299);
#5299=SURFACE_SIDE_STYLE('',(#5300));
#5300=SURFACE_STYLE_FILL_AREA(#5301);
#5301=FILL_AREA_STYLE('',(#5302));
#5302=FILL_AREA_STYLE_COLOUR('',#5303);
#5303=COLOUR_RGB('',0.8000000119209290,0.8000000119209290,0.8000000119209290);
#5304=FACE_SURFACE('',(#5309),#5305,.T.);
#5305=PLANE('',#5306);
#5306=AXIS2_PLACEMENT_3D('',#952, #5307,#5308);
#5307=DIRECTION('',(0.0000000000000000,1.0000000000000000,0.0000000000000000));
#5308=DIRECTION('',(0.9283556938171387,0.3716929554939270,0.0000000000000000));
#5309=FACE_BOUND('',#5310,.T.);
#5310=EDGE_LOOP('',(#5311,#5312,#5313));
#5311=ORIENTED_EDGE('',*,*,#5314,.T.);
#5312=ORIENTED_EDGE('',*,*,#5315,.T.);
#5313=ORIENTED_EDGE('',*,*,#5316,.T.);
#5314=EDGE_CURVE('',#953,#955,#5317,.F.);
#5315=EDGE_CURVE('',#955,#957,#5318,.T.);
#5316=EDGE_CURVE('',#957,#953,#5319,.T.);
#5317=LINE('',#952,#5320);
#5318=LINE('',#954,#5321);
#5319=LINE('',#956,#5322);
#5320=VECTOR('',#5323,1.0);
#5321=VECTOR('',#5324,1.0);
#5322=VECTOR('',#5325,1.0);
#5323=DIRECTION('',(0.0000000000000000,1.0000000000000000,0.0000000000000000));
#5324=DIRECTION('',(0.9283556938171387,-0.3716929852962494,0.0000000000000000));
#5325=DIRECTION('',(-0.9283556938171387,-0.3716929554939270,0.0000000000000000));
#5326=STYLED_ITEM('',(#5327),#5334);
#5327=PRESENTATION_STYLE_ASSIGNMENT((#5328));
#5328=SURFACE_STYLE_USAGE(.BOTH.,#5329);
#5329=SURFACE_SIDE_STYLE('',(#5330));
#5330=SURFACE_STYLE_FILL_AREA(#5331);
#5331=FILL_AREA_STYLE('',(#5332));
#5332=FILL_AREA_STYLE_COLOUR('',#5333);
#5333=COLOUR_RGB('',0.8000000119209290,0.8000000119209290,0.8000000119209290);
#5334=FACE_SURFACE('',(#5339),#5335,.T.);
#5335=PLANE('',#5336);
#5336=AXIS2_PLACEMENT_3D('',#958, #5337,#5338);
#5337=DIRECTION('',(0.0000000000000000,-1.0000000000000000,0.0000000000000000));
#5338=DIRECTION('',(-0.9333379864692688,0.3589988350868225,0.0000000000000000));
#5339=FACE_BOUND('',#5340,.T.);
#5340=EDGE_LOOP('',(#5341,#5342,#5343));
#5341=ORIENTED_EDGE('',*,*,#5344,.T.);
#5342=ORIENTED_EDGE('',*,*,#5345,.T.);
#5343=ORIENTED_EDGE('',*,*,#5346,.T.);
#5344=EDGE_CURVE('',#959,#961,#5347,.F.);
#5345=EDGE_CURVE('',#961,#963,#5348,.T.);
#5346=EDGE_CURVE('',#963,#959,#5349,.T.);
#5347=LINE('',#958,#5350);
#5348=LINE('',#960,#5351);
#5349=LINE('',#962,#5352);
#5350=VECTOR('',#5353,1.0);
#5351=VECTOR('',#5354,1.0);
#5352=VECTOR('',#5355,1.0);
#5353=DIRECTION('',(0.0000000000000000,-1.0000000000000000,0.0000000000000000));
#5354=DIRECTION('',(-0.9283556938171387,0.3716929852962494,0.0000000000000000));
#5355=DIRECTION('',(0.9333379864692688,-0.3589988350868225,0.0000000000000000));
#5356=STYLED_ITEM('',(#5357),#5364);
#5357=PRESENTATION_STYLE_ASSIGNMENT((#5358));
#5358=SURFACE_STYLE_USAGE(.BOTH.,#5359);
#5359=SURFACE_SIDE_STYLE('',(#5360));
#5360=SURFACE_STYLE_FILL_AREA(#5361);
#5361=FILL_AREA_STYLE('',(#5362));
#5362=FILL_AREA_STYLE_COLOUR('',#5363);
#5363=COLOUR_RGB('',0.8000000119209290,0.8000000119209290,0.8000000119209290);
#5364=FACE_SURFACE('',(#5369),#5365,.T.);
#5365=PLANE('',#5366);
#5366=AXIS2_PLACEMENT_3D('',#964, #5367,#5368);
#5367=DIRECTION('',(0.0000000000000000,0.0000000000000000,-1.0000000000000000));
#5368=DIRECTION('',(-0.0222214423120022,0.0000000000000000,-0.9997530579566956));
#5369=FACE_BOUND('',#5370,.T.);
#5370=EDGE_LOOP('',(#5371,#5372,#5373));
#5371=ORIENTED_EDGE('',*,*,#5374,.T.);
#5372=ORIENTED_EDGE('',*,*,#5375,.T.);
#5373=ORIENTED_EDGE('',*,*,#5376,.T.);
#5374=EDGE_CURVE('',#965,#967,#5377,.F.);
#5375=EDGE_CURVE('',#967,#969,#5378,.T.);
#5376=EDGE_CURVE('',#969,#965,#5379,.T.);
#5377=LINE('',#964,#5380);
#5378=LINE('',#966,#5381);
#5379=LINE('',#968,#5382);
#5380=VECTOR('',#5383,1.0);
#5381=VECTOR('',#5384,1.0);
#5382=VECTOR('',#5385,1.0);
#5383=DIRECTION('',(0.0000000000000000,0.0000000000000000,-1.0000000000000000));
#5384=DIRECTION('',(-0.0011135749518871,0.0000000000000000,0.9999993443489075));
#5385=DIRECTION('',(0.0222214423120022,0.0000000000000000,0.9997530579566956));
#5386=STYLED_ITEM('',(#5387),#5394);
#5387=PRESENTATION_STYLE_ASSIGNMENT((#5388));
#5388=SURFACE_STYLE_USAGE(.BOTH.,#5389);
#5389=SURFACE_SIDE_STYLE('',(#5390));
#5390=SURFACE_STYLE_FILL_AREA(#5391);
#5391=FILL_AREA_STYLE('',(#5392));
#5392=FILL_AREA_STYLE_COLOUR('',#5393);
#5393=COLOUR_RGB('',0.8000000119209290,0.8000000119209290,0.8000000119209290);
#5394=FACE_SURFACE('',(#5399),#5395,.T.);
#5395=PLANE('',#5396);
#5396=AXIS2_PLACEMENT_3D('',#970, #5397,#5398);
#5397=DIRECTION('',(-0.0222214423120022,0.0000000000000000,-0.9997530579566956));
#5398=DIRECTION('',(-1.0000000000000000,0.0000000000000000,0.0000000000000000));
#5399=FACE_BOUND('',#5400,.T.);
#5400=EDGE_LOOP('',(#5401,#5402,#5403));
#5401=ORIENTED_EDGE('',*,*,#5404,.T.);
#5402=ORIENTED_EDGE('',*,*,#5405,.T.);
#5403=ORIENTED_EDGE('',*,*,#5406,.T.);
#5404=EDGE_CURVE('',#971,#973,#5407,.F.);
#5405=EDGE_CURVE('',#973,#975,#5408,.T.);
#5406=EDGE_CURVE('',#975,#971,#5409,.T.);
#5407=LINE('',#970,#5410);
#5408=LINE('',#972,#5411);
#5409=LINE('',#974,#5412);
#5410=VECTOR('',#5413,1.0);
#5411=VECTOR('',#5414,1.0);
#5412=VECTOR('',#5415,1.0);
#5413=DIRECTION('',(-0.0222214423120022,0.0000000000000000,-0.9997530579566956));
#5414=DIRECTION('',(0.0000000000000000,0.0000000000000000,1.0000000000000000));
#5415=DIRECTION('',(1.0000000000000000,0.0000000000000000,0.0000000000000000));
#5416=STYLED_ITEM('',(#5417),#5424);
#5417=PRESENTATION_STYLE_ASSIGNMENT((#5418));
#5418=SURFACE_STYLE_USAGE(.BOTH.,#5419);
#5419=SURFACE_SIDE_STYLE('',(#5420));
#5420=SURFACE_STYLE_FILL_AREA(#5421);
#5421=FILL_AREA_STYLE('',(#5422));
#5422=FILL_AREA_STYLE_COLOUR('',#5423);
#5423=COLOUR_RGB('',0.8000000119209290,0.8000000119209290,0.8000000119209290);
#5424=FACE_SURFACE('',(#5429),#5425,.T.);
#5425=PLANE('',#5426);
#5426=AXIS2_PLACEMENT_3D('',#976, #5427,#5428);
#5427=DIRECTION('',(0.0000000000000000,0.0000000000000000,-1.0000000000000000));
#5428=DIRECTION('',(1.0000000000000000,0.0000000000000000,0.0000000000000000));
#5429=FACE_BOUND('',#5430,.T.);
#5430=EDGE_LOOP('',(#5431,#5432,#5433));
#5431=ORIENTED_EDGE('',*,*,#5434,.T.);
#5432=ORIENTED_EDGE('',*,*,#5435,.T.);
#5433=ORIENTED_EDGE('',*,*,#5436,.T.);
#5434=EDGE_CURVE('',#977,#979,#5437,.F.);
#5435=EDGE_CURVE('',#979,#981,#5438,.T.);
#5436=EDGE_CURVE('',#981,#977,#5439,.T.);
#5437=LINE('',#976,#5440);
#5438=LINE('',#978,#5441);
#5439=LINE('',#980,#5442);
#5440=VECTOR('',#5443,1.0);
#5441=VECTOR('',#5444,1.0);
#5442=VECTOR('',#5445,1.0);
#5443=DIRECTION('',(0.0000000000000000,0.0000000000000000,-1.0000000000000000));
#5444=DIRECTION('',(0.0222214423120022,0.0000000000000000,0.9997530579566956));
#5445=DIRECTION('',(-1.0000000000000000,0.0000000000000000,0.0000000000000000));
#5446=STYLED_ITEM('',(#5447),#5454);
#5447=PRESENTATION_STYLE_ASSIGNMENT((#5448));
#5448=SURFACE_STYLE_USAGE(.BOTH.,#5449);
#5449=SURFACE_SIDE_STYLE('',(#5450));
#5450=SURFACE_STYLE_FILL_AREA(#5451);
#5451=FILL_AREA_STYLE('',(#5452));
#5452=FILL_AREA_STYLE_COLOUR('',#5453);
#5453=COLOUR_RGB('',0.8000000119209290,0.8000000119209290,0.8000000119209290);
#5454=FACE_SURFACE('',(#5459),#5455,.T.);
#5455=PLANE('',#5456);
#5456=AXIS2_PLACEMENT_3D('',#982, #5457,#5458);
#5457=DIRECTION('',(0.0000000000000000,0.0000000000000000,1.0000000000000000));
#5458=DIRECTION('',(-0.0011135749518871,0.0000000000000000,0.9999993443489075));
#5459=FACE_BOUND('',#5460,.T.);
#5460=EDGE_LOOP('',(#5461,#5462,#5463));
#5461=ORIENTED_EDGE('',*,*,#5464,.T.);
#5462=ORIENTED_EDGE('',*,*,#5465,.T.);
#5463=ORIENTED_EDGE('',*,*,#5466,.T.);
#5464=EDGE_CURVE('',#983,#985,#5467,.F.);
#5465=EDGE_CURVE('',#985,#987,#5468,.T.);
#5466=EDGE_CURVE('',#987,#983,#5469,.T.);
#5467=LINE('',#982,#5470);
#5468=LINE('',#984,#5471);
#5469=LINE('',#986,#5472);
#5470=VECTOR('',#5473,1.0);
#5471=VECTOR('',#5474,1.0);
#5472=VECTOR('',#5475,1.0);
#5473=DIRECTION('',(0.0000000000000000,0.0000000000000000,1.0000000000000000));
#5474=DIRECTION('',(-0.0222214423120022,0.0000000000000000,-0.9997530579566956));
#5475=DIRECTION('',(0.0011135749518871,0.0000000000000000,-0.9999993443489075));
#5476=STYLED_ITEM('',(#5477),#5484);
#5477=PRESENTATION_STYLE_ASSIGNMENT((#5478));
#5478=SURFACE_STYLE_USAGE(.BOTH.,#5479);
#5479=SURFACE_SIDE_STYLE('',(#5480));
#5480=SURFACE_STYLE_FILL_AREA(#5481);
#5481=FILL_AREA_STYLE('',(#5482));
#5482=FILL_AREA_STYLE_COLOUR('',#5483);
#5483=COLOUR_RGB('',0.8000000119209290,0.8000000119209290,0.8000000119209290);
#5484=FACE_SURFACE('',(#5489),#5485,.T.);
#5485=PLANE('',#5486);
#5486=AXIS2_PLACEMENT_3D('',#988, #5487,#5488);
#5487=DIRECTION('',(0.0000000000000000,0.0000000000000000,1.0000000000000000));
#5488=DIRECTION('',(0.0000000000000000,-1.0000000000000000,0.0000000000000000));
#5489=FACE_BOUND('',#5490,.T.);
#5490=EDGE_LOOP('',(#5491,#5492,#5493));
#5491=ORIENTED_EDGE('',*,*,#5494,.T.);
#5492=ORIENTED_EDGE('',*,*,#5495,.T.);
#5493=ORIENTED_EDGE('',*,*,#5496,.T.);
#5494=EDGE_CURVE('',#989,#991,#5497,.F.);
#5495=EDGE_CURVE('',#991,#993,#5498,.T.);
#5496=EDGE_CURVE('',#993,#989,#5499,.T.);
#5497=LINE('',#988,#5500);
#5498=LINE('',#990,#5501);
#5499=LINE('',#992,#5502);
#5500=VECTOR('',#5503,1.0);
#5501=VECTOR('',#5504,1.0);
#5502=VECTOR('',#5505,1.0);
#5503=DIRECTION('',(0.0000000000000000,0.0000000000000000,1.0000000000000000));
#5504=DIRECTION('',(0.0000000000000000,-0.0529366955161095,-0.9985978603363037));
#5505=DIRECTION('',(0.0000000000000000,1.0000000000000000,0.0000000000000000));
#5506=STYLED_ITEM('',(#5507),#5514);
#5507=PRESENTATION_STYLE_ASSIGNMENT((#5508));
#5508=SURFACE_STYLE_USAGE(.BOTH.,#5509);
#5509=SURFACE_SIDE_STYLE('',(#5510));
#5510=SURFACE_STYLE_FILL_AREA(#5511);
#5511=FILL_AREA_STYLE('',(#5512));
#5512=FILL_AREA_STYLE_COLOUR('',#5513);
#5513=COLOUR_RGB('',0.8000000119209290,0.8000000119209290,0.8000000119209290);
#5514=FACE_SURFACE('',(#5519),#5515,.T.);
#5515=PLANE('',#5516);
#5516=AXIS2_PLACEMENT_3D('',#994, #5517,#5518);
#5517=DIRECTION('',(0.0000000000000000,0.0000000000000000,-1.0000000000000000));
#5518=DIRECTION('',(0.0000000000000000,1.0000000000000000,0.0000000000000000));
#5519=FACE_BOUND('',#5520,.T.);
#5520=EDGE_LOOP('',(#5521,#5522,#5523));
#5521=ORIENTED_EDGE('',*,*,#5524,.T.);
#5522=ORIENTED_EDGE('',*,*,#5525,.T.);
#5523=ORIENTED_EDGE('',*,*,#5526,.T.);
#5524=EDGE_CURVE('',#995,#997,#5527,.F.);
#5525=EDGE_CURVE('',#997,#999,#5528,.T.);
#5526=EDGE_CURVE('',#999,#995,#5529,.T.);
#5527=LINE('',#994,#5530);
#5528=LINE('',#996,#5531);
#5529=LINE('',#998,#5532);
#5530=VECTOR('',#5533,1.0);
#5531=VECTOR('',#5534,1.0);
#5532=VECTOR('',#5535,1.0);
#5533=DIRECTION('',(0.0000000000000000,0.0000000000000000,-1.0000000000000000));
#5534=DIRECTION('',(0.0000000000000000,0.0529366955161095,0.9985978603363037));
#5535=DIRECTION('',(0.0000000000000000,-1.0000000000000000,0.0000000000000000));
#5536=STYLED_ITEM('',(#5537),#5544);
#5537=PRESENTATION_STYLE_ASSIGNMENT((#5538));
#5538=SURFACE_STYLE_USAGE(.BOTH.,#5539);
#5539=SURFACE_SIDE_STYLE('',(#5540));
#5540=SURFACE_STYLE_FILL_AREA(#5541);
#5541=FILL_AREA_STYLE('',(#5542));
#5542=FILL_AREA_STYLE_COLOUR('',#5543);
#5543=COLOUR_RGB('',0.8000000119209290,0.8000000119209290,0.8000000119209290);
#5544=FACE_SURFACE('',(#5549),#5545,.T.);
#5545=PLANE('',#5546);
#5546=AXIS2_PLACEMENT_3D('',#1000, #5547,#5548);
#5547=DIRECTION('',(0.0000000000000000,1.0000000000000000,0.0000000000000000));
#5548=DIRECTION('',(0.0000000000000000,0.0000000000000000,1.0000000000000000));
#5549=FACE_BOUND('',#5550,.T.);
#5550=EDGE_LOOP('',(#5551,#5552,#5553));
#5551=ORIENTED_EDGE('',*,*,#5554,.T.);
#5552=ORIENTED_EDGE('',*,*,#5555,.T.);
#5553=ORIENTED_EDGE('',*,*,#5556,.T.);
#5554=EDGE_CURVE('',#1001,#1003,#5557,.F.);
#5555=EDGE_CURVE('',#1003,#1005,#5558,.T.);
#5556=EDGE_CURVE('',#1005,#1001,#5559,.T.);
#5557=LINE('',#1000,#5560);
#5558=LINE('',#1002,#5561);
#5559=LINE('',#1004,#5562);
#5560=VECTOR('',#5563,1.0);
#5561=VECTOR('',#5564,1.0);
#5562=VECTOR('',#5565,1.0);
#5563=DIRECTION('',(0.0000000000000000,1.0000000000000000,0.0000000000000000));
#5564=DIRECTION('',(0.0000000000000000,-0.9993226528167725,0.0367999933660030));
#5565=DIRECTION('',(0.0000000000000000,0.0000000000000000,-1.0000000000000000));
#5566=STYLED_ITEM('',(#5567),#5574);
#5567=PRESENTATION_STYLE_ASSIGNMENT((#5568));
#5568=SURFACE_STYLE_USAGE(.BOTH.,#5569);
#5569=SURFACE_SIDE_STYLE('',(#5570));
#5570=SURFACE_STYLE_FILL_AREA(#5571);
#5571=FILL_AREA_STYLE('',(#5572));
#5572=FILL_AREA_STYLE_COLOUR('',#5573);
#5573=COLOUR_RGB('',0.8000000119209290,0.8000000119209290,0.8000000119209290);
#5574=FACE_SURFACE('',(#5579),#5575,.T.);
#5575=PLANE('',#5576);
#5576=AXIS2_PLACEMENT_3D('',#1006, #5577,#5578);
#5577=DIRECTION('',(0.0000000000000000,-0.9999916553497314,-0.0040915561839938));
#5578=DIRECTION('',(0.0000000000000000,0.0000000000000000,-1.0000000000000000));
#5579=FACE_BOUND('',#5580,.T.);
#5580=EDGE_LOOP('',(#5581,#5582,#5583));
#5581=ORIENTED_EDGE('',*,*,#5584,.T.);
#5582=ORIENTED_EDGE('',*,*,#5585,.T.);
#5583=ORIENTED_EDGE('',*,*,#5586,.T.);
#5584=EDGE_CURVE('',#1007,#1009,#5587,.F.);
#5585=EDGE_CURVE('',#1009,#1011,#5588,.T.);
#5586=EDGE_CURVE('',#1011,#1007,#5589,.T.);
#5587=LINE('',#1006,#5590);
#5588=LINE('',#1008,#5591);
#5589=LINE('',#1010,#5592);
#5590=VECTOR('',#5593,1.0);
#5591=VECTOR('',#5594,1.0);
#5592=VECTOR('',#5595,1.0);
#5593=DIRECTION('',(0.0000000000000000,-0.9999916553497314,-0.0040915561839938));
#5594=DIRECTION('',(0.0000000000000000,0.9993226528167725,-0.0367999933660030));
#5595=DIRECTION('',(0.0000000000000000,0.0000000000000000,1.0000000000000000));
#5596=STYLED_ITEM('',(#5597),#5604);
#5597=PRESENTATION_STYLE_ASSIGNMENT((#5598));
#5598=SURFACE_STYLE_USAGE(.BOTH.,#5599);
#5599=SURFACE_SIDE_STYLE('',(#5600));
#5600=SURFACE_STYLE_FILL_AREA(#5601);
#5601=FILL_AREA_STYLE('',(#5602));
#5602=FILL_AREA_STYLE_COLOUR('',#5603);
#5603=COLOUR_RGB('',0.8000000119209290,0.8000000119209290,0.8000000119209290);
#5604=FACE_SURFACE('',(#5609),#5605,.T.);
#5605=PLANE('',#5606);
#5606=AXIS2_PLACEMENT_3D('',#1012, #5607,#5608);
#5607=DIRECTION('',(0.0000000000000000,0.0000000000000000,-1.0000000000000000));
#5608=DIRECTION('',(0.0000000000000000,0.9999922513961792,-0.0039307270199060));
#5609=FACE_BOUND('',#5610,.T.);
#5610=EDGE_LOOP('',(#5611,#5612,#5613));
#5611=ORIENTED_EDGE('',*,*,#5614,.T.);
#5612=ORIENTED_EDGE('',*,*,#5615,.T.);
#5613=ORIENTED_EDGE('',*,*,#5616,.T.);
#5614=EDGE_CURVE('',#1013,#1015,#5617,.F.);
#5615=EDGE_CURVE('',#1015,#1017,#5618,.T.);
#5616=EDGE_CURVE('',#1017,#1013,#5619,.T.);
#5617=LINE('',#1012,#5620);
#5618=LINE('',#1014,#5621);
#5619=LINE('',#1016,#5622);
#5620=VECTOR('',#5623,1.0);
#5621=VECTOR('',#5624,1.0);
#5622=VECTOR('',#5625,1.0);
#5623=DIRECTION('',(0.0000000000000000,0.0000000000000000,-1.0000000000000000));
#5624=DIRECTION('',(0.0000000000000000,0.9993748068809509,0.0353552997112274));
#5625=DIRECTION('',(0.0000000000000000,-0.9999922513961792,0.0039307270199060));
#5626=STYLED_ITEM('',(#5627),#5634);
#5627=PRESENTATION_STYLE_ASSIGNMENT((#5628));
#5628=SURFACE_STYLE_USAGE(.BOTH.,#5629);
#5629=SURFACE_SIDE_STYLE('',(#5630));
#5630=SURFACE_STYLE_FILL_AREA(#5631);
#5631=FILL_AREA_STYLE('',(#5632));
#5632=FILL_AREA_STYLE_COLOUR('',#5633);
#5633=COLOUR_RGB('',0.8000000119209290,0.8000000119209290,0.8000000119209290);
#5634=FACE_SURFACE('',(#5639),#5635,.T.);
#5635=PLANE('',#5636);
#5636=AXIS2_PLACEMENT_3D('',#1018, #5637,#5638);
#5637=DIRECTION('',(0.0000000000000000,0.0000000000000000,1.0000000000000000));
#5638=DIRECTION('',(0.0000000000000000,-1.0000000000000000,0.0000000000000000));
#5639=FACE_BOUND('',#5640,.T.);
#5640=EDGE_LOOP('',(#5641,#5642,#5643));
#5641=ORIENTED_EDGE('',*,*,#5644,.T.);
#5642=ORIENTED_EDGE('',*,*,#5645,.T.);
#5643=ORIENTED_EDGE('',*,*,#5646,.T.);
#5644=EDGE_CURVE('',#1019,#1021,#5647,.F.);
#5645=EDGE_CURVE('',#1021,#1023,#5648,.T.);
#5646=EDGE_CURVE('',#1023,#1019,#5649,.T.);
#5647=LINE('',#1018,#5650);
#5648=LINE('',#1020,#5651);
#5649=LINE('',#1022,#5652);
#5650=VECTOR('',#5653,1.0);
#5651=VECTOR('',#5654,1.0);
#5652=VECTOR('',#5655,1.0);
#5653=DIRECTION('',(0.0000000000000000,0.0000000000000000,1.0000000000000000));
#5654=DIRECTION('',(0.0000000000000000,-0.9993748068809509,-0.0353552997112274));
#5655=DIRECTION('',(0.0000000000000000,1.0000000000000000,0.0000000000000000));
#5656=STYLED_ITEM('',(#5657),#5664);
#5657=PRESENTATION_STYLE_ASSIGNMENT((#5658));
#5658=SURFACE_STYLE_USAGE(.BOTH.,#5659);
#5659=SURFACE_SIDE_STYLE('',(#5660));
#5660=SURFACE_STYLE_FILL_AREA(#5661);
#5661=FILL_AREA_STYLE('',(#5662));
#5662=FILL_AREA_STYLE_COLOUR('',#5663);
#5663=COLOUR_RGB('',0.8000000119209290,0.8000000119209290,0.8000000119209290);
#5664=FACE_SURFACE('',(#5669),#5665,.T.);
#5665=PLANE('',#5666);
#5666=AXIS2_PLACEMENT_3D('',#1024, #5667,#5668);
#5667=DIRECTION('',(0.0000000000000000,-0.9429184794425964,0.3330236375331879));
#5668=DIRECTION('',(0.0000000000000000,-1.0000000000000000,0.0000000000000000));
#5669=FACE_BOUND('',#5670,.T.);
#5670=EDGE_LOOP('',(#5671,#5672,#5673));
#5671=ORIENTED_EDGE('',*,*,#5674,.T.);
#5672=ORIENTED_EDGE('',*,*,#5675,.T.);
#5673=ORIENTED_EDGE('',*,*,#5676,.T.);
#5674=EDGE_CURVE('',#1025,#1027,#5677,.F.);
#5675=EDGE_CURVE('',#1027,#1029,#5678,.T.);
#5676=EDGE_CURVE('',#1029,#1025,#5679,.T.);
#5677=LINE('',#1024,#5680);
#5678=LINE('',#1026,#5681);
#5679=LINE('',#1028,#5682);
#5680=VECTOR('',#5683,1.0);
#5681=VECTOR('',#5684,1.0);
#5682=VECTOR('',#5685,1.0);
#5683=DIRECTION('',(0.0000000000000000,-0.9429184794425964,0.3330236375331879));
#5684=DIRECTION('',(0.0000000000000000,0.0000000000000000,-1.0000000000000000));
#5685=DIRECTION('',(0.0000000000000000,1.0000000000000000,0.0000000000000000));
#5686=STYLED_ITEM('',(#5687),#5694);
#5687=PRESENTATION_STYLE_ASSIGNMENT((#5688));
#5688=SURFACE_STYLE_USAGE(.BOTH.,#5689);
#5689=SURFACE_SIDE_STYLE('',(#5690));
#5690=SURFACE_STYLE_FILL_AREA(#5691);
#5691=FILL_AREA_STYLE('',(#5692));
#5692=FILL_AREA_STYLE_COLOUR('',#5693);
#5693=COLOUR_RGB('',0.8000000119209290,0.8000000119209290,0.8000000119209290);
#5694=FACE_SURFACE('',(#5699),#5695,.T.);
#5695=PLANE('',#5696);
#5696=AXIS2_PLACEMENT_3D('',#1030, #5697,#5698);
#5697=DIRECTION('',(0.0000000000000000,0.9429184794425964,-0.3330236375331879));
#5698=DIRECTION('',(0.0000000000000000,1.0000000000000000,0.0000000000000000));
#5699=FACE_BOUND('',#5700,.T.);
#5700=EDGE_LOOP('',(#5701,#5702,#5703));
#5701=ORIENTED_EDGE('',*,*,#5704,.T.);
#5702=ORIENTED_EDGE('',*,*,#5705,.T.);
#5703=ORIENTED_EDGE('',*,*,#5706,.T.);
#5704=EDGE_CURVE('',#1031,#1033,#5707,.F.);
#5705=EDGE_CURVE('',#1033,#1035,#5708,.T.);
#5706=EDGE_CURVE('',#1035,#1031,#5709,.T.);
#5707=LINE('',#1030,#5710);
#5708=LINE('',#1032,#5711);
#5709=LINE('',#1034,#5712);
#5710=VECTOR('',#5713,1.0);
#5711=VECTOR('',#5714,1.0);
#5712=VECTOR('',#5715,1.0);
#5713=DIRECTION('',(0.0000000000000000,0.9429184794425964,-0.3330236375331879));
#5714=DIRECTION('',(0.0000000000000000,0.0000000000000000,1.0000000000000000));
#5715=DIRECTION('',(0.0000000000000000,-1.0000000000000000,0.0000000000000000));
ENDSEC;
END-ISO-10303-21;
